{"num_cities": 300, "population_size": 50, "total_generations": 1600, "mutation_rate": 0.05, "tournament_size": 25, "initial_cost": 135.2017624521947, "best_route_length": 97.68983077451878, "elapsed_time": 12.643783125000482}
