{"num_cities": 300, "population_size": 250, "total_generations": 400, "mutation_rate": 0.05, "tournament_size": 25, "initial_cost": 133.62029395080552, "best_route_length": 66.2097905784698, "elapsed_time": 52.43222358300409}
