{"num_cities": 300, "population_size": 250, "total_generations": 400, "mutation_rate": 0.05, "tournament_size": 25, "initial_cost": 135.09773466599387, "best_route_length": 109.57739100267258, "elapsed_time": 14.823508333000063}
