{"num_cities": 300, "population_size": 250, "total_generations": 200, "mutation_rate": 0.05, "tournament_size": 25, "initial_cost": 138.31132774981194, "best_route_length": 98.22955779585133, "elapsed_time": 13.203269416000694}
