{"num_cities": 300, "population_size": 500, "total_generations": 1600, "mutation_rate": 0.05, "tournament_size": 25, "initial_cost": 133.78829353618227, "best_route_length": 70.98705150448848, "elapsed_time": 109.85950954199507}
