{"num_cities": 300, "population_size": 50, "total_generations": 1200, "mutation_rate": 0.05, "tournament_size": 25, "initial_cost": 137.83996815197887, "best_route_length": 91.30805563186671, "elapsed_time": 10.59892741600197}
