{"num_cities": 300, "population_size": 100, "total_generations": 800, "mutation_rate": 0.05, "tournament_size": 25, "initial_cost": 139.1731078705479, "best_route_length": 88.97602376598722, "elapsed_time": 14.483194332999119}
