{"num_cities": 300, "population_size": 250, "total_generations": 200, "mutation_rate": 0.05, "tournament_size": 25, "initial_cost": 135.34710507302498, "best_route_length": 83.56676995162589, "elapsed_time": 26.02415949999704}
