{"num_cities": 400, "population_size": 500, "total_generations": 640, "mutation_rate": 0.05, "tournament_size": 25, "initial_cost": 180.14843979340984, "best_route_length": 136.1564283972925, "elapsed_time": 77.10848245800298}
