{"num_cities": 400, "population_size": 250, "total_generations": 1200, "mutation_rate": 0.05, "tournament_size": 25, "initial_cost": 185.16411357901086, "best_route_length": 103.94281256829578, "elapsed_time": 86.23043575000338}
