{"num_cities": 400, "population_size": 50, "total_generations": 300, "mutation_rate": 0.05, "tournament_size": 25, "initial_cost": 191.44258672546067, "best_route_length": 142.8655288332937, "elapsed_time": 11.602834833000088}
