{"num_cities": 300, "population_size": 500, "total_generations": 400, "mutation_rate": 0.05, "tournament_size": 25, "initial_cost": 135.0611427664747, "best_route_length": 57.32309276201176, "elapsed_time": 106.00338345799537}
