{"num_cities": 300, "population_size": 100, "total_generations": 400, "mutation_rate": 0.05, "tournament_size": 25, "initial_cost": 140.0994140258758, "best_route_length": 100.73328096008504, "elapsed_time": 6.93588637499488}
