{"num_cities": 200, "population_size": 500, "total_generations": 200, "mutation_rate": 0.05, "tournament_size": 25, "initial_cost": 89.06293898134115, "best_route_length": 42.905831015889625, "elapsed_time": 30.42961208300403}
