{"num_cities": 200, "population_size": 100, "total_generations": 600, "mutation_rate": 0.05, "tournament_size": 25, "initial_cost": 88.83703679776796, "best_route_length": 48.618871425641956, "elapsed_time": 9.218560874993273}
