{"num_cities": 400, "population_size": 500, "total_generations": 200, "mutation_rate": 0.05, "tournament_size": 25, "initial_cost": 182.0356243897352, "best_route_length": 129.9305897752526, "elapsed_time": 41.70316204200208}
