{"num_cities": 300, "population_size": 50, "total_generations": 320, "mutation_rate": 0.05, "tournament_size": 25, "initial_cost": 137.50976526735698, "best_route_length": 109.00319029434868, "elapsed_time": 2.9503883340003085}
