{"num_cities": 100, "population_size": 100, "total_generations": 400, "mutation_rate": 0.05, "tournament_size": 25, "initial_cost": 44.31718417964319, "best_route_length": 17.153422836184784, "elapsed_time": 5.744811166994623}
