{"num_cities": 400, "population_size": 500, "total_generations": 1600, "mutation_rate": 0.05, "tournament_size": 25, "initial_cost": 181.23637174840533, "best_route_length": 107.05593430283189, "elapsed_time": 175.30894450000778}
