{"num_cities": 400, "population_size": 250, "total_generations": 800, "mutation_rate": 0.05, "tournament_size": 25, "initial_cost": 182.3734969980269, "best_route_length": 98.99355412286337, "elapsed_time": 84.61046312500548}
