{"num_cities": 100, "population_size": 50, "total_generations": 800, "mutation_rate": 0.05, "tournament_size": 25, "initial_cost": 43.85604641466524, "best_route_length": 20.213765407430333, "elapsed_time": 2.740578375000041}
