{"num_cities": 100, "population_size": 250, "total_generations": 300, "mutation_rate": 0.05, "tournament_size": 25, "initial_cost": 41.977250146024616, "best_route_length": 17.262675368148944, "elapsed_time": 9.993604834002326}
