{"num_cities": 100, "population_size": 100, "total_generations": 400, "mutation_rate": 0.05, "tournament_size": 25, "initial_cost": 42.386781402642555, "best_route_length": 20.867252629509718, "elapsed_time": 2.736078958005237}
