{"num_cities": 200, "population_size": 500, "total_generations": 800, "mutation_rate": 0.05, "tournament_size": 25, "initial_cost": 86.01042430512747, "best_route_length": 40.993202388144105, "elapsed_time": 42.236441499997454}
