{"num_cities": 400, "population_size": 50, "total_generations": 200, "mutation_rate": 0.05, "tournament_size": 25, "initial_cost": 185.13093670334553, "best_route_length": 156.06784133058997, "elapsed_time": 4.149856500000169}
