{"num_cities": 300, "population_size": 250, "total_generations": 300, "mutation_rate": 0.05, "tournament_size": 25, "initial_cost": 130.85602382461846, "best_route_length": 71.39436473356591, "elapsed_time": 39.096213208002155}
