{"num_cities": 200, "population_size": 250, "total_generations": 500, "mutation_rate": 0.05, "tournament_size": 25, "initial_cost": 88.93373094562915, "best_route_length": 33.328243188387596, "elapsed_time": 37.94340099999681}
