{"num_cities": 200, "population_size": 100, "total_generations": 320, "mutation_rate": 0.05, "tournament_size": 25, "initial_cost": 88.94697644106054, "best_route_length": 62.711882590416614, "elapsed_time": 3.3702921670046635}
