{"num_cities": 300, "population_size": 100, "total_generations": 200, "mutation_rate": 0.05, "tournament_size": 25, "initial_cost": 138.26970833875617, "best_route_length": 106.3595864555098, "elapsed_time": 5.357378917004098}
