{"num_cities": 400, "population_size": 50, "total_generations": 500, "mutation_rate": 0.05, "tournament_size": 25, "initial_cost": 188.16375833527766, "best_route_length": 120.74282714047642, "elapsed_time": 19.437579874997027}
