{"num_cities": 400, "population_size": 100, "total_generations": 400, "mutation_rate": 0.05, "tournament_size": 25, "initial_cost": 182.17967328576196, "best_route_length": 155.79520741197558, "elapsed_time": 8.069870791994617}
