{"num_cities": 200, "population_size": 500, "total_generations": 800, "mutation_rate": 0.05, "tournament_size": 25, "initial_cost": 87.94074729289859, "best_route_length": 31.922253946668278, "elapsed_time": 63.8139292909982}
