{"num_cities": 400, "population_size": 500, "total_generations": 400, "mutation_rate": 0.05, "tournament_size": 25, "initial_cost": 180.83062116521637, "best_route_length": 133.20253440358928, "elapsed_time": 68.32150958400598}
