{"num_cities": 300, "population_size": 100, "total_generations": 200, "mutation_rate": 0.05, "tournament_size": 25, "initial_cost": 134.9995128713058, "best_route_length": 93.76554483622732, "elapsed_time": 10.414852041001723}
