{"num_cities": 400, "population_size": 100, "total_generations": 400, "mutation_rate": 0.05, "tournament_size": 25, "initial_cost": 183.3732762798354, "best_route_length": 122.08013891725572, "elapsed_time": 16.248961125005735}
