{"num_cities": 200, "population_size": 100, "total_generations": 1200, "mutation_rate": 0.05, "tournament_size": 25, "initial_cost": 91.75262628371749, "best_route_length": 46.6565748574179, "elapsed_time": 12.499771791997773}
