{"num_cities": 200, "population_size": 500, "total_generations": 400, "mutation_rate": 0.05, "tournament_size": 25, "initial_cost": 89.56929379825236, "best_route_length": 32.13384713059638, "elapsed_time": 60.25805949999631}
