{"num_cities": 200, "population_size": 100, "total_generations": 500, "mutation_rate": 0.05, "tournament_size": 25, "initial_cost": 90.31584833361526, "best_route_length": 42.89757007348901, "elapsed_time": 14.903035584000463}
