{"num_cities": 400, "population_size": 100, "total_generations": 320, "mutation_rate": 0.05, "tournament_size": 25, "initial_cost": 185.73797946630785, "best_route_length": 145.3468652920518, "elapsed_time": 8.882027457999357}
