{"num_cities": 200, "population_size": 250, "total_generations": 400, "mutation_rate": 0.05, "tournament_size": 25, "initial_cost": 90.00972688155929, "best_route_length": 65.51520434102575, "elapsed_time": 8.23208799999702}
