{"num_cities": 400, "population_size": 250, "total_generations": 640, "mutation_rate": 0.05, "tournament_size": 25, "initial_cost": 185.63759908356462, "best_route_length": 141.1446023862507, "elapsed_time": 36.32088449999719}
