{"num_cities": 400, "population_size": 50, "total_generations": 1200, "mutation_rate": 0.05, "tournament_size": 25, "initial_cost": 186.48631939907847, "best_route_length": 136.66892539300832, "elapsed_time": 16.223282749997452}
