{"num_cities": 400, "population_size": 500, "total_generations": 300, "mutation_rate": 0.05, "tournament_size": 25, "initial_cost": 182.62900688144174, "best_route_length": 101.08847119849348, "elapsed_time": 116.6949695000003}
