{"num_cities": 200, "population_size": 50, "total_generations": 400, "mutation_rate": 0.05, "tournament_size": 25, "initial_cost": 91.31147492120517, "best_route_length": 73.1812314321325, "elapsed_time": 1.6949901249972754}
