{"num_cities": 400, "population_size": 50, "total_generations": 1600, "mutation_rate": 0.05, "tournament_size": 25, "initial_cost": 188.05244368580375, "best_route_length": 143.0125539785939, "elapsed_time": 16.362732875000802}
