{"num_cities": 300, "population_size": 50, "total_generations": 400, "mutation_rate": 0.05, "tournament_size": 25, "initial_cost": 140.63035682704347, "best_route_length": 101.75990135478744, "elapsed_time": 5.672471457997744}
