{"num_cities": 300, "population_size": 250, "total_generations": 320, "mutation_rate": 0.05, "tournament_size": 25, "initial_cost": 136.31756085935046, "best_route_length": 99.4744924713049, "elapsed_time": 14.545662166005059}
