{"num_cities": 200, "population_size": 250, "total_generations": 400, "mutation_rate": 0.05, "tournament_size": 25, "initial_cost": 87.95160022880697, "best_route_length": 36.027771477959064, "elapsed_time": 30.412759915998322}
