{"num_cities": 400, "population_size": 50, "total_generations": 400, "mutation_rate": 0.05, "tournament_size": 25, "initial_cost": 184.87187971567235, "best_route_length": 147.68482218590336, "elapsed_time": 5.2714157910013455}
