{"num_cities": 300, "population_size": 50, "total_generations": 800, "mutation_rate": 0.05, "tournament_size": 25, "initial_cost": 139.06421305572573, "best_route_length": 87.21197826142507, "elapsed_time": 10.832841333001852}
