{"num_cities": 400, "population_size": 250, "total_generations": 800, "mutation_rate": 0.05, "tournament_size": 25, "initial_cost": 187.4523350425199, "best_route_length": 136.12977469568673, "elapsed_time": 42.22654524999962}
