{"num_cities": 400, "population_size": 250, "total_generations": 200, "mutation_rate": 0.05, "tournament_size": 25, "initial_cost": 186.2113635212668, "best_route_length": 117.35251751678904, "elapsed_time": 39.769235499996284}
