{"num_cities": 100, "population_size": 100, "total_generations": 640, "mutation_rate": 0.05, "tournament_size": 25, "initial_cost": 43.38308059428631, "best_route_length": 25.014936913160412, "elapsed_time": 2.5055706670027575}
