{"num_cities": 200, "population_size": 50, "total_generations": 1200, "mutation_rate": 0.05, "tournament_size": 25, "initial_cost": 88.36316426440676, "best_route_length": 50.704317503582786, "elapsed_time": 6.138280792001751}
