{"num_cities": 200, "population_size": 100, "total_generations": 400, "mutation_rate": 0.05, "tournament_size": 25, "initial_cost": 90.34425728739069, "best_route_length": 60.560430177626685, "elapsed_time": 4.022165333000885}
