{"num_cities": 400, "population_size": 500, "total_generations": 400, "mutation_rate": 0.05, "tournament_size": 25, "initial_cost": 184.27016379145272, "best_route_length": 91.36393516402815, "elapsed_time": 158.26214099999925}
