{"num_cities": 100, "population_size": 50, "total_generations": 600, "mutation_rate": 0.05, "tournament_size": 25, "initial_cost": 44.86320018632469, "best_route_length": 22.705083420535455, "elapsed_time": 2.0426172919978853}
