{"num_cities": 400, "population_size": 50, "total_generations": 400, "mutation_rate": 0.05, "tournament_size": 25, "initial_cost": 188.1380970009523, "best_route_length": 125.6733148658569, "elapsed_time": 15.616205291997176}
