{"num_cities": 100, "population_size": 250, "total_generations": 200, "mutation_rate": 0.05, "tournament_size": 25, "initial_cost": 42.00754451115396, "best_route_length": 17.437924100353026, "elapsed_time": 6.901332707995607}
