{"num_cities": 200, "population_size": 50, "total_generations": 600, "mutation_rate": 0.05, "tournament_size": 25, "initial_cost": 88.77828244635602, "best_route_length": 55.61942591042977, "elapsed_time": 4.727324333005527}
