{"num_cities": 400, "population_size": 250, "total_generations": 1600, "mutation_rate": 0.05, "tournament_size": 25, "initial_cost": 178.64195708097526, "best_route_length": 111.17742271987623, "elapsed_time": 86.53446787500434}
