{"num_cities": 400, "population_size": 100, "total_generations": 200, "mutation_rate": 0.05, "tournament_size": 25, "initial_cost": 186.2274707574276, "best_route_length": 148.04775764006772, "elapsed_time": 8.180565458002093}
