{"num_cities": 400, "population_size": 250, "total_generations": 600, "mutation_rate": 0.05, "tournament_size": 25, "initial_cost": 182.55445093238757, "best_route_length": 105.14905320765315, "elapsed_time": 63.53396183300356}
