{"num_cities": 300, "population_size": 100, "total_generations": 1600, "mutation_rate": 0.05, "tournament_size": 25, "initial_cost": 136.99634192964004, "best_route_length": 87.73278018905965, "elapsed_time": 24.064103874996363}
