{"num_cities": 400, "population_size": 500, "total_generations": 800, "mutation_rate": 0.05, "tournament_size": 25, "initial_cost": 184.30144062810703, "best_route_length": 85.35052507658189, "elapsed_time": 172.64787833400624}
