{"num_cities": 200, "population_size": 500, "total_generations": 640, "mutation_rate": 0.05, "tournament_size": 25, "initial_cost": 88.15461101108247, "best_route_length": 55.93190110557946, "elapsed_time": 28.54334766700049}
