{"num_cities": 400, "population_size": 250, "total_generations": 800, "mutation_rate": 0.05, "tournament_size": 25, "initial_cost": 185.29163955833616, "best_route_length": 113.86078921175923, "elapsed_time": 55.56718341699889}
