{"num_cities": 100, "population_size": 250, "total_generations": 400, "mutation_rate": 0.05, "tournament_size": 25, "initial_cost": 41.95992670821224, "best_route_length": 14.012445611144967, "elapsed_time": 13.448935084001278}
