{"num_cities": 200, "population_size": 500, "total_generations": 500, "mutation_rate": 0.05, "tournament_size": 25, "initial_cost": 88.13017130622103, "best_route_length": 26.57054658404244, "elapsed_time": 75.19314791700162}
