{"num_cities": 100, "population_size": 50, "total_generations": 800, "mutation_rate": 0.05, "tournament_size": 25, "initial_cost": 44.23856787834379, "best_route_length": 26.963373809425928, "elapsed_time": 1.9388999590009917}
