{"num_cities": 400, "population_size": 500, "total_generations": 320, "mutation_rate": 0.05, "tournament_size": 25, "initial_cost": 181.16554455921457, "best_route_length": 137.18238127113136, "elapsed_time": 55.98651133399835}
