{"num_cities": 400, "population_size": 50, "total_generations": 800, "mutation_rate": 0.05, "tournament_size": 25, "initial_cost": 182.79623649390743, "best_route_length": 145.03532715331426, "elapsed_time": 11.006420457997592}
