{"num_cities": 400, "population_size": 250, "total_generations": 400, "mutation_rate": 0.05, "tournament_size": 25, "initial_cost": 184.26432158747696, "best_route_length": 136.27110540457858, "elapsed_time": 26.75819025000237}
