{"num_cities": 300, "population_size": 50, "total_generations": 640, "mutation_rate": 0.05, "tournament_size": 25, "initial_cost": 139.30822324260808, "best_route_length": 113.15953662417544, "elapsed_time": 4.9386207920033485}
