{"num_cities": 300, "population_size": 250, "total_generations": 600, "mutation_rate": 0.05, "tournament_size": 25, "initial_cost": 137.42850520624603, "best_route_length": 67.74173537613349, "elapsed_time": 40.91515979099495}
