{"num_cities": 300, "population_size": 100, "total_generations": 640, "mutation_rate": 0.05, "tournament_size": 25, "initial_cost": 139.25566329442844, "best_route_length": 104.2862741142686, "elapsed_time": 9.522927167003218}
