{"num_cities": 200, "population_size": 250, "total_generations": 800, "mutation_rate": 0.05, "tournament_size": 25, "initial_cost": 88.00696924128185, "best_route_length": 44.57317000457167, "elapsed_time": 21.21513716699701}
