{"num_cities": 200, "population_size": 250, "total_generations": 320, "mutation_rate": 0.05, "tournament_size": 25, "initial_cost": 87.12306865736429, "best_route_length": 61.180034067254844, "elapsed_time": 8.505149124997843}
