{"num_cities": 400, "population_size": 100, "total_generations": 800, "mutation_rate": 0.05, "tournament_size": 25, "initial_cost": 183.97327708521445, "best_route_length": 107.58580431835333, "elapsed_time": 32.91429033299937}
