{"num_cities": 100, "population_size": 250, "total_generations": 400, "mutation_rate": 0.05, "tournament_size": 25, "initial_cost": 39.63519260526587, "best_route_length": 26.38918255439664, "elapsed_time": 3.6589900420003687}
