{"num_cities": 200, "population_size": 500, "total_generations": 400, "mutation_rate": 0.05, "tournament_size": 25, "initial_cost": 88.83116609073929, "best_route_length": 55.76164106731095, "elapsed_time": 20.248496583000815}
