{"num_cities": 100, "population_size": 100, "total_generations": 800, "mutation_rate": 0.05, "tournament_size": 25, "initial_cost": 41.403155264120855, "best_route_length": 17.16921989517267, "elapsed_time": 5.441517792001832}
