{"num_cities": 100, "population_size": 500, "total_generations": 400, "mutation_rate": 0.05, "tournament_size": 25, "initial_cost": 41.25116878164876, "best_route_length": 25.13187035202924, "elapsed_time": 8.082841540999652}
