{"num_cities": 100, "population_size": 50, "total_generations": 640, "mutation_rate": 0.05, "tournament_size": 25, "initial_cost": 42.23155556187439, "best_route_length": 29.906016002924037, "elapsed_time": 1.3344044170007692}
