{"num_cities": 100, "population_size": 250, "total_generations": 500, "mutation_rate": 0.05, "tournament_size": 25, "initial_cost": 43.09966123958108, "best_route_length": 16.232071502009138, "elapsed_time": 16.651935458998196}
