{"num_cities": 100, "population_size": 250, "total_generations": 320, "mutation_rate": 0.05, "tournament_size": 25, "initial_cost": 41.73929448372134, "best_route_length": 21.50381552046303, "elapsed_time": 3.375077374999819}
