{"num_cities": 200, "population_size": 250, "total_generations": 400, "mutation_rate": 0.05, "tournament_size": 25, "initial_cost": 89.63436558474409, "best_route_length": 45.55511073469168, "elapsed_time": 15.78069645800133}
