{"num_cities": 100, "population_size": 500, "total_generations": 400, "mutation_rate": 0.05, "tournament_size": 25, "initial_cost": 39.050989480403054, "best_route_length": 11.995995080754318, "elapsed_time": 26.59196612500091}
