{"num_cities": 100, "population_size": 100, "total_generations": 1600, "mutation_rate": 0.05, "tournament_size": 25, "initial_cost": 42.131195661422325, "best_route_length": 16.852567311041614, "elapsed_time": 6.594307625004149}
