{"num_cities": 200, "population_size": 100, "total_generations": 800, "mutation_rate": 0.05, "tournament_size": 25, "initial_cost": 89.89103826796456, "best_route_length": 59.230611686599694, "elapsed_time": 6.480312125000637}
