{"num_cities": 300, "population_size": 250, "total_generations": 800, "mutation_rate": 0.05, "tournament_size": 25, "initial_cost": 136.79338177527404, "best_route_length": 63.23888095335758, "elapsed_time": 55.05659758300317}
