{"num_cities": 200, "population_size": 500, "total_generations": 200, "mutation_rate": 0.05, "tournament_size": 25, "initial_cost": 87.7690972011795, "best_route_length": 55.66978996950315, "elapsed_time": 15.54144449999876}
