{"num_cities": 300, "population_size": 250, "total_generations": 640, "mutation_rate": 0.05, "tournament_size": 25, "initial_cost": 137.6941162070245, "best_route_length": 94.74535711061321, "elapsed_time": 23.82554508299654}
