{"num_cities": 400, "population_size": 250, "total_generations": 300, "mutation_rate": 0.05, "tournament_size": 25, "initial_cost": 179.8700769116529, "best_route_length": 107.71286698617612, "elapsed_time": 58.37520875000337}
