{"num_cities": 100, "population_size": 50, "total_generations": 300, "mutation_rate": 0.05, "tournament_size": 25, "initial_cost": 42.582978771042846, "best_route_length": 22.071164182014023, "elapsed_time": 2.046457291995466}
