{"num_cities": 100, "population_size": 250, "total_generations": 640, "mutation_rate": 0.05, "tournament_size": 25, "initial_cost": 41.203019813816844, "best_route_length": 22.60660606540612, "elapsed_time": 6.29777224999998}
