{"num_cities": 300, "population_size": 250, "total_generations": 1600, "mutation_rate": 0.05, "tournament_size": 25, "initial_cost": 139.12533051548735, "best_route_length": 74.69057315147539, "elapsed_time": 56.83853916700173}
