{"num_cities": 200, "population_size": 100, "total_generations": 200, "mutation_rate": 0.05, "tournament_size": 25, "initial_cost": 89.93160328974307, "best_route_length": 47.13530861055695, "elapsed_time": 6.08903858299891}
