{"num_cities": 400, "population_size": 50, "total_generations": 800, "mutation_rate": 0.05, "tournament_size": 25, "initial_cost": 187.76526760618415, "best_route_length": 123.19752940760198, "elapsed_time": 16.56522912500077}
