{"num_cities": 100, "population_size": 100, "total_generations": 600, "mutation_rate": 0.05, "tournament_size": 25, "initial_cost": 44.17599879302015, "best_route_length": 19.609684311779585, "elapsed_time": 4.036382708000019}
