{"num_cities": 200, "population_size": 100, "total_generations": 400, "mutation_rate": 0.05, "tournament_size": 25, "initial_cost": 90.45826381068589, "best_route_length": 69.96986110691418, "elapsed_time": 3.3779987919988343}
