{"num_cities": 100, "population_size": 50, "total_generations": 320, "mutation_rate": 0.05, "tournament_size": 25, "initial_cost": 44.30389710657383, "best_route_length": 28.439903312540526, "elapsed_time": 0.6726497919953545}
