{"num_cities": 300, "population_size": 50, "total_generations": 800, "mutation_rate": 0.05, "tournament_size": 25, "initial_cost": 137.92072073398708, "best_route_length": 113.06285390082265, "elapsed_time": 6.417896291997749}
