{"num_cities": 400, "population_size": 500, "total_generations": 400, "mutation_rate": 0.05, "tournament_size": 25, "initial_cost": 184.33542946557242, "best_route_length": 150.8990823471656, "elapsed_time": 47.79567025000142}
