{"num_cities": 400, "population_size": 50, "total_generations": 400, "mutation_rate": 0.05, "tournament_size": 25, "initial_cost": 186.22268816839988, "best_route_length": 136.2645783055192, "elapsed_time": 8.12646591700468}
