{"num_cities": 100, "population_size": 50, "total_generations": 800, "mutation_rate": 0.05, "tournament_size": 25, "initial_cost": 45.128973383016536, "best_route_length": 24.06705641030894, "elapsed_time": 1.6720889170028386}
