{"num_cities": 300, "population_size": 250, "total_generations": 1200, "mutation_rate": 0.05, "tournament_size": 25, "initial_cost": 134.17032748386595, "best_route_length": 70.27383533862015, "elapsed_time": 54.035807917003694}
