{"num_cities": 300, "population_size": 500, "total_generations": 800, "mutation_rate": 0.05, "tournament_size": 25, "initial_cost": 135.94163943883893, "best_route_length": 57.40675414143627, "elapsed_time": 111.89876350000122}
