{"num_cities": 200, "population_size": 250, "total_generations": 800, "mutation_rate": 0.05, "tournament_size": 25, "initial_cost": 88.28144095393161, "best_route_length": 37.712076611164385, "elapsed_time": 32.01467925000179}
