{"num_cities": 400, "population_size": 250, "total_generations": 400, "mutation_rate": 0.05, "tournament_size": 25, "initial_cost": 182.66462709326206, "best_route_length": 95.30784324584202, "elapsed_time": 79.39939483400667}
