{"num_cities": 400, "population_size": 100, "total_generations": 800, "mutation_rate": 0.05, "tournament_size": 25, "initial_cost": 188.12514455510106, "best_route_length": 144.7235186697529, "elapsed_time": 15.96879841700138}
