{"num_cities": 100, "population_size": 500, "total_generations": 800, "mutation_rate": 0.05, "tournament_size": 25, "initial_cost": 39.804986870230636, "best_route_length": 10.760235631971637, "elapsed_time": 27.31551991699962}
