{"num_cities": 400, "population_size": 50, "total_generations": 200, "mutation_rate": 0.05, "tournament_size": 25, "initial_cost": 187.39009100376794, "best_route_length": 149.35492599983255, "elapsed_time": 7.885506708000321}
