{"num_cities": 200, "population_size": 50, "total_generations": 200, "mutation_rate": 0.05, "tournament_size": 25, "initial_cost": 90.49258900308556, "best_route_length": 62.05463328343025, "elapsed_time": 3.0936173340014648}
