{"num_cities": 100, "population_size": 50, "total_generations": 400, "mutation_rate": 0.05, "tournament_size": 25, "initial_cost": 44.217332187237666, "best_route_length": 28.209055849516105, "elapsed_time": 0.854734415996063}
