{"num_cities": 100, "population_size": 50, "total_generations": 400, "mutation_rate": 0.05, "tournament_size": 25, "initial_cost": 42.80283386496403, "best_route_length": 25.51400553468229, "elapsed_time": 1.3894312080010423}
