{"num_cities": 300, "population_size": 100, "total_generations": 600, "mutation_rate": 0.05, "tournament_size": 25, "initial_cost": 135.4601624071047, "best_route_length": 83.49039863950387, "elapsed_time": 16.223683500000334}
