{"num_cities": 400, "population_size": 100, "total_generations": 640, "mutation_rate": 0.05, "tournament_size": 25, "initial_cost": 185.44737406315872, "best_route_length": 145.6520462833562, "elapsed_time": 13.356542499997886}
