{"num_cities": 100, "population_size": 100, "total_generations": 400, "mutation_rate": 0.05, "tournament_size": 25, "initial_cost": 44.08706574237016, "best_route_length": 23.320716294135007, "elapsed_time": 1.6622320829992532}
