{"num_cities": 300, "population_size": 50, "total_generations": 500, "mutation_rate": 0.05, "tournament_size": 25, "initial_cost": 141.40028631266253, "best_route_length": 84.70439385002975, "elapsed_time": 12.799891999995452}
