{"num_cities": 300, "population_size": 250, "total_generations": 400, "mutation_rate": 0.05, "tournament_size": 25, "initial_cost": 136.04231217200817, "best_route_length": 96.7292492489893, "elapsed_time": 17.455795542002306}
