{"num_cities": 100, "population_size": 500, "total_generations": 1600, "mutation_rate": 0.05, "tournament_size": 25, "initial_cost": 40.659674711892286, "best_route_length": 14.219053576139709, "elapsed_time": 31.082683957996778}
