{"num_cities": 300, "population_size": 50, "total_generations": 200, "mutation_rate": 0.05, "tournament_size": 25, "initial_cost": 134.63719241896217, "best_route_length": 102.9669704482614, "elapsed_time": 5.344016834002105}
