{"num_cities": 400, "population_size": 500, "total_generations": 200, "mutation_rate": 0.05, "tournament_size": 25, "initial_cost": 180.40801333828094, "best_route_length": 113.32547798420246, "elapsed_time": 79.93852004200016}
