{"num_cities": 300, "population_size": 100, "total_generations": 400, "mutation_rate": 0.05, "tournament_size": 25, "initial_cost": 134.49174909721415, "best_route_length": 87.78229334157908, "elapsed_time": 11.028894208997372}
