{"num_cities": 100, "population_size": 100, "total_generations": 200, "mutation_rate": 0.05, "tournament_size": 25, "initial_cost": 44.31103197403267, "best_route_length": 20.770716733660294, "elapsed_time": 2.6936502079988713}
