{"num_cities": 200, "population_size": 250, "total_generations": 400, "mutation_rate": 0.05, "tournament_size": 25, "initial_cost": 89.18244846797324, "best_route_length": 55.022189465383946, "elapsed_time": 10.251594624998688}
