{"num_cities": 100, "population_size": 250, "total_generations": 800, "mutation_rate": 0.05, "tournament_size": 25, "initial_cost": 42.09927216604708, "best_route_length": 16.533903406280402, "elapsed_time": 8.360626790999959}
