{"num_cities": 300, "population_size": 100, "total_generations": 1200, "mutation_rate": 0.05, "tournament_size": 25, "initial_cost": 135.14579819828884, "best_route_length": 80.53433369944275, "elapsed_time": 21.33454483300011}
