{"num_cities": 100, "population_size": 250, "total_generations": 600, "mutation_rate": 0.05, "tournament_size": 25, "initial_cost": 44.28106749540639, "best_route_length": 15.35851722182105, "elapsed_time": 10.041382249997696}
