{"num_cities": 100, "population_size": 500, "total_generations": 500, "mutation_rate": 0.05, "tournament_size": 25, "initial_cost": 42.155426697814086, "best_route_length": 11.96691283304049, "elapsed_time": 33.126729915995384}
