{"num_cities": 200, "population_size": 100, "total_generations": 400, "mutation_rate": 0.05, "tournament_size": 25, "initial_cost": 88.69513377644286, "best_route_length": 49.20869327550556, "elapsed_time": 12.048982833999617}
