{"num_cities": 300, "population_size": 500, "total_generations": 300, "mutation_rate": 0.05, "tournament_size": 25, "initial_cost": 133.72361854198562, "best_route_length": 62.84251336941181, "elapsed_time": 78.30649766699935}
