{"num_cities": 300, "population_size": 500, "total_generations": 640, "mutation_rate": 0.05, "tournament_size": 25, "initial_cost": 134.62114708524703, "best_route_length": 92.27902708510331, "elapsed_time": 46.05224050000106}
