{"num_cities": 200, "population_size": 250, "total_generations": 200, "mutation_rate": 0.05, "tournament_size": 25, "initial_cost": 89.14818854394848, "best_route_length": 57.05988812499979, "elapsed_time": 7.7544398750033}
