{"num_cities": 200, "population_size": 250, "total_generations": 1200, "mutation_rate": 0.05, "tournament_size": 25, "initial_cost": 87.35907134773107, "best_route_length": 35.517889992549975, "elapsed_time": 31.204837874996883}
