{"num_cities": 300, "population_size": 50, "total_generations": 400, "mutation_rate": 0.05, "tournament_size": 25, "initial_cost": 137.87462306006225, "best_route_length": 108.98196414707003, "elapsed_time": 3.496166707998782}
