{"num_cities": 100, "population_size": 100, "total_generations": 200, "mutation_rate": 0.05, "tournament_size": 25, "initial_cost": 42.806938586755, "best_route_length": 27.109241238739013, "elapsed_time": 1.3400732919981238}
