{"num_cities": 300, "population_size": 500, "total_generations": 800, "mutation_rate": 0.05, "tournament_size": 25, "initial_cost": 134.48418823565746, "best_route_length": 90.31793267710223, "elapsed_time": 52.38580620799621}
