{"num_cities": 400, "population_size": 250, "total_generations": 400, "mutation_rate": 0.05, "tournament_size": 25, "initial_cost": 185.0006754013469, "best_route_length": 154.09110310587124, "elapsed_time": 22.483921041995927}
