{"num_cities": 400, "population_size": 50, "total_generations": 320, "mutation_rate": 0.05, "tournament_size": 25, "initial_cost": 183.9116196505998, "best_route_length": 158.7355650880143, "elapsed_time": 4.4110607910042745}
