{"num_cities": 200, "population_size": 50, "total_generations": 800, "mutation_rate": 0.05, "tournament_size": 25, "initial_cost": 89.34958202130193, "best_route_length": 57.58660023118717, "elapsed_time": 4.094354542001383}
