{"num_cities": 300, "population_size": 250, "total_generations": 800, "mutation_rate": 0.05, "tournament_size": 25, "initial_cost": 139.16907302870837, "best_route_length": 74.51396284119392, "elapsed_time": 36.472482500001206}
