{"num_cities": 300, "population_size": 100, "total_generations": 800, "mutation_rate": 0.05, "tournament_size": 25, "initial_cost": 139.9726110791034, "best_route_length": 70.50588269443509, "elapsed_time": 22.407458833004057}
