{"num_cities": 400, "population_size": 50, "total_generations": 800, "mutation_rate": 0.05, "tournament_size": 25, "initial_cost": 185.43095764068747, "best_route_length": 154.37488564436467, "elapsed_time": 7.9740260830003535}
