{"num_cities": 300, "population_size": 100, "total_generations": 400, "mutation_rate": 0.05, "tournament_size": 25, "initial_cost": 136.6122338592644, "best_route_length": 113.3802960018942, "elapsed_time": 6.187022208003327}
