{"num_cities": 300, "population_size": 500, "total_generations": 400, "mutation_rate": 0.05, "tournament_size": 25, "initial_cost": 135.79120727630203, "best_route_length": 105.6354153400921, "elapsed_time": 28.96026795799844}
