{"num_cities": 400, "population_size": 100, "total_generations": 400, "mutation_rate": 0.05, "tournament_size": 25, "initial_cost": 188.39684988390422, "best_route_length": 114.24386108188058, "elapsed_time": 31.292849624995142}
