{"num_cities": 200, "population_size": 250, "total_generations": 600, "mutation_rate": 0.05, "tournament_size": 25, "initial_cost": 88.67307025803602, "best_route_length": 38.783741756426146, "elapsed_time": 23.48397337499773}
