{"num_cities": 200, "population_size": 250, "total_generations": 640, "mutation_rate": 0.05, "tournament_size": 25, "initial_cost": 90.71215421103157, "best_route_length": 58.28370596923062, "elapsed_time": 14.309786500001792}
