{"num_cities": 200, "population_size": 250, "total_generations": 200, "mutation_rate": 0.05, "tournament_size": 25, "initial_cost": 89.9971557348261, "best_route_length": 44.839875429195075, "elapsed_time": 15.160167041998648}
