{"num_cities": 100, "population_size": 50, "total_generations": 500, "mutation_rate": 0.05, "tournament_size": 25, "initial_cost": 44.51683401873273, "best_route_length": 19.814896423740198, "elapsed_time": 3.3039322500044364}
