{"num_cities": 200, "population_size": 50, "total_generations": 400, "mutation_rate": 0.05, "tournament_size": 25, "initial_cost": 91.48637726304673, "best_route_length": 68.63692398465648, "elapsed_time": 1.9888601249986095}
