{"num_cities": 400, "population_size": 100, "total_generations": 1600, "mutation_rate": 0.05, "tournament_size": 25, "initial_cost": 186.50471542883855, "best_route_length": 121.15977883514915, "elapsed_time": 33.342175249999855}
