{"num_cities": 300, "population_size": 500, "total_generations": 200, "mutation_rate": 0.05, "tournament_size": 25, "initial_cost": 136.21222806090148, "best_route_length": 93.6764734978684, "elapsed_time": 27.022083500000008}
