{"num_cities": 400, "population_size": 500, "total_generations": 600, "mutation_rate": 0.05, "tournament_size": 25, "initial_cost": 180.49027470465825, "best_route_length": 95.11736512442596, "elapsed_time": 126.91774191700097}
