{"num_cities": 200, "population_size": 100, "total_generations": 640, "mutation_rate": 0.2, "tournament_size": 50, "initial_cost": 88.45499042471052, "best_route_length": 64.80800826813227, "elapsed_time": 9.341624749999028}
