{"num_cities": 200, "population_size": 250, "total_generations": 1200, "mutation_rate": 0.2, "tournament_size": 50, "initial_cost": 87.18936485487754, "best_route_length": 35.10011206177787, "elapsed_time": 55.39123933299561}
