{"num_cities": 300, "population_size": 500, "total_generations": 1600, "mutation_rate": 0.2, "tournament_size": 50, "initial_cost": 135.67435412862267, "best_route_length": 68.59827049855336, "elapsed_time": 192.9957772080088}
