{"num_cities": 200, "population_size": 50, "total_generations": 400, "mutation_rate": 0.2, "tournament_size": 50, "initial_cost": 92.88613193729283, "best_route_length": 63.96098397425877, "elapsed_time": 5.936657458994887}
