{"num_cities": 300, "population_size": 250, "total_generations": 600, "mutation_rate": 0.2, "tournament_size": 50, "initial_cost": 133.46642920365375, "best_route_length": 63.74381096469512, "elapsed_time": 66.73509866700624}
