{"num_cities": 400, "population_size": 250, "total_generations": 320, "mutation_rate": 0.2, "tournament_size": 50, "initial_cost": 180.84987106434835, "best_route_length": 139.837593117762, "elapsed_time": 37.41342658299254}
