{"num_cities": 300, "population_size": 100, "total_generations": 800, "mutation_rate": 0.2, "tournament_size": 50, "initial_cost": 140.13928047505243, "best_route_length": 100.37289289574744, "elapsed_time": 18.328911249991506}
