{"num_cities": 300, "population_size": 100, "total_generations": 800, "mutation_rate": 0.2, "tournament_size": 50, "initial_cost": 135.73689653723468, "best_route_length": 72.74937759370923, "elapsed_time": 36.17043404201104}
