{"num_cities": 400, "population_size": 250, "total_generations": 800, "mutation_rate": 0.2, "tournament_size": 50, "initial_cost": 187.39901240826308, "best_route_length": 131.1632070827198, "elapsed_time": 66.48036354201031}
