{"num_cities": 300, "population_size": 100, "total_generations": 400, "mutation_rate": 0.2, "tournament_size": 50, "initial_cost": 138.3464853242078, "best_route_length": 103.40383326515925, "elapsed_time": 12.46525529200153}
