{"num_cities": 300, "population_size": 500, "total_generations": 1200, "mutation_rate": 0.2, "tournament_size": 50, "initial_cost": 134.82881751419725, "best_route_length": 56.75182669673209, "elapsed_time": 188.16856245799863}
