{"num_cities": 300, "population_size": 100, "total_generations": 400, "mutation_rate": 0.2, "tournament_size": 50, "initial_cost": 138.1823081355414, "best_route_length": 89.7576893070831, "elapsed_time": 18.326783875003457}
