{"num_cities": 200, "population_size": 100, "total_generations": 800, "mutation_rate": 0.2, "tournament_size": 50, "initial_cost": 92.51254073867119, "best_route_length": 63.15804010489728, "elapsed_time": 12.044996541997534}
