{"num_cities": 300, "population_size": 500, "total_generations": 320, "mutation_rate": 0.2, "tournament_size": 50, "initial_cost": 134.29485382709927, "best_route_length": 92.87555139206921, "elapsed_time": 51.03662600000098}
