{"num_cities": 300, "population_size": 100, "total_generations": 300, "mutation_rate": 0.2, "tournament_size": 50, "initial_cost": 136.9659186274518, "best_route_length": 76.6295047263068, "elapsed_time": 24.413992041008896}
