{"num_cities": 100, "population_size": 500, "total_generations": 800, "mutation_rate": 0.2, "tournament_size": 50, "initial_cost": 42.00381384979154, "best_route_length": 12.853688806692896, "elapsed_time": 32.774541959006456}
