{"num_cities": 400, "population_size": 50, "total_generations": 400, "mutation_rate": 0.2, "tournament_size": 50, "initial_cost": 190.33180737291494, "best_route_length": 136.64674362994975, "elapsed_time": 23.905996542001958}
