{"num_cities": 100, "population_size": 250, "total_generations": 400, "mutation_rate": 0.2, "tournament_size": 50, "initial_cost": 43.01699844898899, "best_route_length": 19.66491447633355, "elapsed_time": 7.56165874999715}
