{"num_cities": 300, "population_size": 250, "total_generations": 800, "mutation_rate": 0.2, "tournament_size": 50, "initial_cost": 135.30300219858418, "best_route_length": 93.85318659055503, "elapsed_time": 46.810278999997536}
