{"num_cities": 100, "population_size": 50, "total_generations": 400, "mutation_rate": 0.2, "tournament_size": 50, "initial_cost": 42.27917049784297, "best_route_length": 34.55988979891967, "elapsed_time": 1.303520708999713}
