{"num_cities": 100, "population_size": 500, "total_generations": 1600, "mutation_rate": 0.2, "tournament_size": 50, "initial_cost": 40.981277316076806, "best_route_length": 12.804396235592653, "elapsed_time": 53.80033904200536}
