{"num_cities": 200, "population_size": 250, "total_generations": 320, "mutation_rate": 0.2, "tournament_size": 50, "initial_cost": 89.07728260387816, "best_route_length": 57.52106329339865, "elapsed_time": 15.720222916002967}
