{"num_cities": 300, "population_size": 500, "total_generations": 300, "mutation_rate": 0.2, "tournament_size": 50, "initial_cost": 136.0602824890424, "best_route_length": 57.62254111086118, "elapsed_time": 123.48827404099575}
