{"num_cities": 400, "population_size": 500, "total_generations": 200, "mutation_rate": 0.2, "tournament_size": 50, "initial_cost": 184.80081510089428, "best_route_length": 131.81517681094272, "elapsed_time": 63.18334141699597}
