{"num_cities": 200, "population_size": 250, "total_generations": 200, "mutation_rate": 0.2, "tournament_size": 50, "initial_cost": 89.07588645231753, "best_route_length": 41.71155600730206, "elapsed_time": 25.673462958002347}
