{"num_cities": 100, "population_size": 250, "total_generations": 600, "mutation_rate": 0.2, "tournament_size": 50, "initial_cost": 42.2933206784976, "best_route_length": 13.175723325372179, "elapsed_time": 18.439206875002128}
