{"num_cities": 100, "population_size": 50, "total_generations": 200, "mutation_rate": 0.2, "tournament_size": 50, "initial_cost": 44.853195564399364, "best_route_length": 23.600766964435017, "elapsed_time": 2.470811000006506}
