{"num_cities": 200, "population_size": 50, "total_generations": 800, "mutation_rate": 0.2, "tournament_size": 50, "initial_cost": 88.61749621726644, "best_route_length": 51.65547427290392, "elapsed_time": 11.82586275000358}
