{"num_cities": 400, "population_size": 100, "total_generations": 800, "mutation_rate": 0.2, "tournament_size": 50, "initial_cost": 186.06706313367516, "best_route_length": 127.08587735167104, "elapsed_time": 37.5609342079988}
