{"num_cities": 300, "population_size": 250, "total_generations": 800, "mutation_rate": 0.2, "tournament_size": 50, "initial_cost": 134.42449574867305, "best_route_length": 74.433924447222, "elapsed_time": 62.497433500000625}
