{"num_cities": 400, "population_size": 50, "total_generations": 800, "mutation_rate": 0.2, "tournament_size": 50, "initial_cost": 181.2241470178881, "best_route_length": 165.67993872710755, "elapsed_time": 14.083388540995657}
