{"num_cities": 300, "population_size": 250, "total_generations": 400, "mutation_rate": 0.2, "tournament_size": 50, "initial_cost": 131.25017456782302, "best_route_length": 78.04629061491654, "elapsed_time": 44.915803875002894}
