{"num_cities": 300, "population_size": 50, "total_generations": 640, "mutation_rate": 0.2, "tournament_size": 50, "initial_cost": 134.09302258120454, "best_route_length": 121.17809246895544, "elapsed_time": 7.885944833004032}
