{"num_cities": 400, "population_size": 250, "total_generations": 800, "mutation_rate": 0.2, "tournament_size": 50, "initial_cost": 184.1992831198267, "best_route_length": 88.6437594780094, "elapsed_time": 131.50496583399945}
