{"num_cities": 300, "population_size": 250, "total_generations": 640, "mutation_rate": 0.2, "tournament_size": 50, "initial_cost": 137.91289432840853, "best_route_length": 100.05340281556946, "elapsed_time": 38.54937537499063}
