{"num_cities": 200, "population_size": 250, "total_generations": 400, "mutation_rate": 0.2, "tournament_size": 50, "initial_cost": 89.4299479648725, "best_route_length": 56.63894689752441, "elapsed_time": 18.55878579200362}
