{"num_cities": 200, "population_size": 50, "total_generations": 500, "mutation_rate": 0.2, "tournament_size": 50, "initial_cost": 88.69787429165338, "best_route_length": 46.083640745795904, "elapsed_time": 12.497062249996816}
