{"num_cities": 100, "population_size": 50, "total_generations": 800, "mutation_rate": 0.2, "tournament_size": 50, "initial_cost": 38.30755790158494, "best_route_length": 28.824493023152716, "elapsed_time": 2.4681833329959773}
