{"num_cities": 200, "population_size": 500, "total_generations": 1200, "mutation_rate": 0.2, "tournament_size": 50, "initial_cost": 88.87547275862008, "best_route_length": 30.934829252029004, "elapsed_time": 116.84398120800324}
