{"num_cities": 300, "population_size": 50, "total_generations": 400, "mutation_rate": 0.2, "tournament_size": 50, "initial_cost": 135.52779949982497, "best_route_length": 109.0109140095086, "elapsed_time": 9.100098208000418}
