{"num_cities": 300, "population_size": 100, "total_generations": 640, "mutation_rate": 0.2, "tournament_size": 50, "initial_cost": 140.07649657850075, "best_route_length": 105.43141371101467, "elapsed_time": 15.636545458997716}
