{"num_cities": 400, "population_size": 500, "total_generations": 640, "mutation_rate": 0.2, "tournament_size": 50, "initial_cost": 182.37874009628052, "best_route_length": 135.0270023846293, "elapsed_time": 117.040063249995}
