{"num_cities": 400, "population_size": 500, "total_generations": 200, "mutation_rate": 0.2, "tournament_size": 50, "initial_cost": 178.69730071803622, "best_route_length": 107.46152089251916, "elapsed_time": 121.3257046249928}
