{"num_cities": 100, "population_size": 500, "total_generations": 400, "mutation_rate": 0.2, "tournament_size": 50, "initial_cost": 42.14091947400272, "best_route_length": 25.272396579307237, "elapsed_time": 13.079736624989891}
