{"num_cities": 100, "population_size": 500, "total_generations": 300, "mutation_rate": 0.2, "tournament_size": 50, "initial_cost": 42.72894441493669, "best_route_length": 11.720376503970835, "elapsed_time": 34.601222334007616}
