{"num_cities": 300, "population_size": 50, "total_generations": 300, "mutation_rate": 0.2, "tournament_size": 50, "initial_cost": 140.6961268468027, "best_route_length": 99.91516900798726, "elapsed_time": 12.157199416004005}
