{"num_cities": 400, "population_size": 500, "total_generations": 800, "mutation_rate": 0.2, "tournament_size": 50, "initial_cost": 182.74610677726, "best_route_length": 129.32708732239269, "elapsed_time": 138.754451041008}
