{"num_cities": 200, "population_size": 50, "total_generations": 400, "mutation_rate": 0.2, "tournament_size": 50, "initial_cost": 88.36997338270265, "best_route_length": 74.0489449768649, "elapsed_time": 4.211964041998726}
