{"num_cities": 300, "population_size": 500, "total_generations": 400, "mutation_rate": 0.2, "tournament_size": 50, "initial_cost": 134.70950913800078, "best_route_length": 103.05843586505418, "elapsed_time": 48.01865050000197}
