{"num_cities": 300, "population_size": 250, "total_generations": 300, "mutation_rate": 0.2, "tournament_size": 50, "initial_cost": 137.28590698447445, "best_route_length": 69.96559326867897, "elapsed_time": 61.20247758399637}
