{"num_cities": 200, "population_size": 500, "total_generations": 400, "mutation_rate": 0.2, "tournament_size": 50, "initial_cost": 86.9875528495583, "best_route_length": 51.894443203549095, "elapsed_time": 36.36274566600332}
