{"num_cities": 100, "population_size": 100, "total_generations": 400, "mutation_rate": 0.2, "tournament_size": 50, "initial_cost": 44.470667819348, "best_route_length": 16.514476591831944, "elapsed_time": 9.617709250000189}
