{"num_cities": 200, "population_size": 100, "total_generations": 320, "mutation_rate": 0.2, "tournament_size": 50, "initial_cost": 88.86833690321674, "best_route_length": 65.22248953561927, "elapsed_time": 6.759760417000507}
