{"num_cities": 200, "population_size": 100, "total_generations": 300, "mutation_rate": 0.2, "tournament_size": 50, "initial_cost": 90.44613146300964, "best_route_length": 43.889668893993004, "elapsed_time": 15.141397708997829}
