{"num_cities": 100, "population_size": 500, "total_generations": 400, "mutation_rate": 0.2, "tournament_size": 50, "initial_cost": 41.10157713000214, "best_route_length": 11.079689427016724, "elapsed_time": 46.648880833992735}
