{"num_cities": 200, "population_size": 50, "total_generations": 400, "mutation_rate": 0.2, "tournament_size": 50, "initial_cost": 89.10422829945597, "best_route_length": 79.85087996628849, "elapsed_time": 2.846953290994861}
