{"num_cities": 200, "population_size": 500, "total_generations": 800, "mutation_rate": 0.2, "tournament_size": 50, "initial_cost": 89.07328689711323, "best_route_length": 38.50380089030689, "elapsed_time": 75.86840537500393}
