{"num_cities": 100, "population_size": 50, "total_generations": 500, "mutation_rate": 0.2, "tournament_size": 50, "initial_cost": 42.913275763160044, "best_route_length": 17.294771789343287, "elapsed_time": 5.8524139169894625}
