{"num_cities": 200, "population_size": 250, "total_generations": 400, "mutation_rate": 0.2, "tournament_size": 50, "initial_cost": 88.18335551051221, "best_route_length": 33.38652475828787, "elapsed_time": 50.70402204200218}
