{"num_cities": 400, "population_size": 50, "total_generations": 400, "mutation_rate": 0.2, "tournament_size": 50, "initial_cost": 183.91315299692243, "best_route_length": 167.81450982725408, "elapsed_time": 8.875637250006548}
