{"num_cities": 100, "population_size": 100, "total_generations": 320, "mutation_rate": 0.2, "tournament_size": 50, "initial_cost": 43.36087357266637, "best_route_length": 23.906844199955252, "elapsed_time": 2.385708749992773}
