{"num_cities": 100, "population_size": 100, "total_generations": 1600, "mutation_rate": 0.2, "tournament_size": 50, "initial_cost": 43.66706240449439, "best_route_length": 16.89802564463062, "elapsed_time": 10.428643582999939}
