{"num_cities": 200, "population_size": 500, "total_generations": 640, "mutation_rate": 0.2, "tournament_size": 50, "initial_cost": 88.90430613118473, "best_route_length": 54.41228378152794, "elapsed_time": 46.87328470801003}
