{"num_cities": 300, "population_size": 100, "total_generations": 400, "mutation_rate": 0.2, "tournament_size": 50, "initial_cost": 135.55429624521616, "best_route_length": 111.42574363095109, "elapsed_time": 9.562262083010864}
