{"num_cities": 400, "population_size": 100, "total_generations": 200, "mutation_rate": 0.2, "tournament_size": 50, "initial_cost": 178.6421046390879, "best_route_length": 137.36405199451636, "elapsed_time": 23.92349133300013}
