{"num_cities": 200, "population_size": 500, "total_generations": 500, "mutation_rate": 0.2, "tournament_size": 50, "initial_cost": 87.2818711111493, "best_route_length": 27.65552936936306, "elapsed_time": 124.42584545900172}
