{"num_cities": 400, "population_size": 50, "total_generations": 1200, "mutation_rate": 0.2, "tournament_size": 50, "initial_cost": 186.38801781298778, "best_route_length": 143.26119304701052, "elapsed_time": 27.047294542004238}
