{"num_cities": 400, "population_size": 250, "total_generations": 1600, "mutation_rate": 0.2, "tournament_size": 50, "initial_cost": 184.5595714878147, "best_route_length": 111.07462033032095, "elapsed_time": 139.8015684580023}
