{"num_cities": 100, "population_size": 250, "total_generations": 300, "mutation_rate": 0.2, "tournament_size": 50, "initial_cost": 41.98142025677108, "best_route_length": 13.821370183110663, "elapsed_time": 17.280234125006245}
