{"num_cities": 300, "population_size": 500, "total_generations": 400, "mutation_rate": 0.2, "tournament_size": 50, "initial_cost": 137.14389261219776, "best_route_length": 50.4211350624363, "elapsed_time": 165.22080808300234}
