{"num_cities": 300, "population_size": 50, "total_generations": 500, "mutation_rate": 0.2, "tournament_size": 50, "initial_cost": 135.22934547950143, "best_route_length": 83.98260640513138, "elapsed_time": 20.345388500005356}
