{"num_cities": 400, "population_size": 50, "total_generations": 640, "mutation_rate": 0.2, "tournament_size": 50, "initial_cost": 180.93455524856816, "best_route_length": 168.3311614800562, "elapsed_time": 10.979442791998736}
