{"num_cities": 100, "population_size": 500, "total_generations": 640, "mutation_rate": 0.2, "tournament_size": 50, "initial_cost": 41.27540735990426, "best_route_length": 20.753292186145455, "elapsed_time": 21.813270041006035}
