{"num_cities": 200, "population_size": 500, "total_generations": 320, "mutation_rate": 0.2, "tournament_size": 50, "initial_cost": 87.58257928357261, "best_route_length": 55.87419789731518, "elapsed_time": 30.303882249994786}
