{"num_cities": 200, "population_size": 50, "total_generations": 800, "mutation_rate": 0.2, "tournament_size": 50, "initial_cost": 91.58166078633433, "best_route_length": 75.91724362014956, "elapsed_time": 5.55087987499428}
