{"num_cities": 400, "population_size": 500, "total_generations": 1200, "mutation_rate": 0.2, "tournament_size": 50, "initial_cost": 182.91536334463805, "best_route_length": 89.41674051348906, "elapsed_time": 271.968014166996}
