{"num_cities": 200, "population_size": 250, "total_generations": 400, "mutation_rate": 0.2, "tournament_size": 50, "initial_cost": 88.3764445787939, "best_route_length": 41.82269795621236, "elapsed_time": 28.77565029199468}
