{"num_cities": 300, "population_size": 50, "total_generations": 400, "mutation_rate": 0.2, "tournament_size": 50, "initial_cost": 137.6073374576892, "best_route_length": 122.27725618481911, "elapsed_time": 6.1337142910051625}
