{"num_cities": 400, "population_size": 100, "total_generations": 800, "mutation_rate": 0.2, "tournament_size": 50, "initial_cost": 182.30707839072522, "best_route_length": 147.41206915509733, "elapsed_time": 27.02255658300419}
