{"num_cities": 100, "population_size": 50, "total_generations": 320, "mutation_rate": 0.2, "tournament_size": 50, "initial_cost": 42.54217916969565, "best_route_length": 33.185353863708954, "elapsed_time": 1.3260604589886498}
