{"num_cities": 300, "population_size": 100, "total_generations": 200, "mutation_rate": 0.2, "tournament_size": 50, "initial_cost": 138.17107414757646, "best_route_length": 105.63162805963974, "elapsed_time": 8.704334041001857}
