{"num_cities": 200, "population_size": 500, "total_generations": 800, "mutation_rate": 0.2, "tournament_size": 50, "initial_cost": 87.00384636283954, "best_route_length": 27.760397316291915, "elapsed_time": 109.82441829200252}
