{"num_cities": 100, "population_size": 50, "total_generations": 1200, "mutation_rate": 0.2, "tournament_size": 50, "initial_cost": 40.98235387646718, "best_route_length": 22.029106350540218, "elapsed_time": 4.445025499997428}
