{"num_cities": 100, "population_size": 50, "total_generations": 640, "mutation_rate": 0.2, "tournament_size": 50, "initial_cost": 42.671850258294015, "best_route_length": 31.079730919486494, "elapsed_time": 2.0092880000011064}
