{"num_cities": 400, "population_size": 50, "total_generations": 400, "mutation_rate": 0.2, "tournament_size": 50, "initial_cost": 186.28783659001965, "best_route_length": 154.4744085686665, "elapsed_time": 12.929106124996906}
