{"num_cities": 400, "population_size": 500, "total_generations": 500, "mutation_rate": 0.2, "tournament_size": 50, "initial_cost": 182.89603777790353, "best_route_length": 71.09863979919298, "elapsed_time": 301.080907459007}
