{"num_cities": 400, "population_size": 100, "total_generations": 320, "mutation_rate": 0.2, "tournament_size": 50, "initial_cost": 183.79287369256778, "best_route_length": 150.4803755048987, "elapsed_time": 14.752492790998076}
