{"num_cities": 300, "population_size": 50, "total_generations": 320, "mutation_rate": 0.2, "tournament_size": 50, "initial_cost": 137.2313010665965, "best_route_length": 121.90384067237807, "elapsed_time": 5.133141041005729}
