{"num_cities": 100, "population_size": 250, "total_generations": 320, "mutation_rate": 0.2, "tournament_size": 50, "initial_cost": 37.916922917519976, "best_route_length": 21.713223230192412, "elapsed_time": 6.291366958001163}
