{"num_cities": 400, "population_size": 50, "total_generations": 800, "mutation_rate": 0.2, "tournament_size": 50, "initial_cost": 182.19116253734674, "best_route_length": 131.2395420651799, "elapsed_time": 24.824461666008574}
