{"num_cities": 400, "population_size": 250, "total_generations": 400, "mutation_rate": 0.2, "tournament_size": 50, "initial_cost": 183.70589536588528, "best_route_length": 90.3949666372766, "elapsed_time": 120.96385808300693}
