{"num_cities": 300, "population_size": 50, "total_generations": 200, "mutation_rate": 0.2, "tournament_size": 50, "initial_cost": 134.85425623343116, "best_route_length": 119.55827944384762, "elapsed_time": 4.42325545901258}
