{"num_cities": 200, "population_size": 50, "total_generations": 640, "mutation_rate": 0.2, "tournament_size": 50, "initial_cost": 86.80217711168146, "best_route_length": 76.45269084677007, "elapsed_time": 4.63328233298671}
