{"num_cities": 200, "population_size": 500, "total_generations": 400, "mutation_rate": 0.2, "tournament_size": 50, "initial_cost": 87.35895309010547, "best_route_length": 38.860158655304716, "elapsed_time": 54.76497170800576}
