{"num_cities": 300, "population_size": 100, "total_generations": 1600, "mutation_rate": 0.2, "tournament_size": 50, "initial_cost": 136.88884881525152, "best_route_length": 85.57803659691686, "elapsed_time": 37.79996870800096}
