{"num_cities": 200, "population_size": 100, "total_generations": 1600, "mutation_rate": 0.2, "tournament_size": 50, "initial_cost": 89.2868977184149, "best_route_length": 48.019208900084394, "elapsed_time": 23.835254667006666}
