{"num_cities": 200, "population_size": 50, "total_generations": 320, "mutation_rate": 0.2, "tournament_size": 50, "initial_cost": 89.07700377488979, "best_route_length": 78.4624229886246, "elapsed_time": 3.531754166004248}
