{"num_cities": 100, "population_size": 100, "total_generations": 600, "mutation_rate": 0.2, "tournament_size": 50, "initial_cost": 42.03272181823898, "best_route_length": 15.461606420957612, "elapsed_time": 7.636596166004892}
