{"num_cities": 200, "population_size": 100, "total_generations": 200, "mutation_rate": 0.2, "tournament_size": 50, "initial_cost": 89.98156350969869, "best_route_length": 50.943175473019934, "elapsed_time": 10.051487459000782}
