{"num_cities": 100, "population_size": 250, "total_generations": 200, "mutation_rate": 0.2, "tournament_size": 50, "initial_cost": 43.049951972985795, "best_route_length": 19.948456295720447, "elapsed_time": 6.251386666990584}
