{"num_cities": 200, "population_size": 250, "total_generations": 600, "mutation_rate": 0.2, "tournament_size": 50, "initial_cost": 90.80487543544345, "best_route_length": 35.90415207784876, "elapsed_time": 42.36244875000557}
