{"num_cities": 400, "population_size": 100, "total_generations": 640, "mutation_rate": 0.2, "tournament_size": 50, "initial_cost": 184.4789170141303, "best_route_length": 151.68859527069083, "elapsed_time": 23.825901167001575}
