{"num_cities": 100, "population_size": 250, "total_generations": 500, "mutation_rate": 0.2, "tournament_size": 50, "initial_cost": 41.80756640911788, "best_route_length": 10.739622586946034, "elapsed_time": 28.967163499997696}
