{"num_cities": 400, "population_size": 100, "total_generations": 800, "mutation_rate": 0.2, "tournament_size": 50, "initial_cost": 182.81493627661746, "best_route_length": 103.27390728001063, "elapsed_time": 51.48975741700269}
