{"num_cities": 400, "population_size": 50, "total_generations": 800, "mutation_rate": 0.2, "tournament_size": 50, "initial_cost": 188.58414930879295, "best_route_length": 154.55368613267052, "elapsed_time": 18.404217917006463}
