{"num_cities": 100, "population_size": 250, "total_generations": 400, "mutation_rate": 0.2, "tournament_size": 50, "initial_cost": 41.1351444246409, "best_route_length": 12.129899149099431, "elapsed_time": 23.38959654199425}
