{"num_cities": 400, "population_size": 50, "total_generations": 200, "mutation_rate": 0.2, "tournament_size": 50, "initial_cost": 184.3656921078581, "best_route_length": 172.25460526744118, "elapsed_time": 6.11626445800357}
