{"num_cities": 100, "population_size": 250, "total_generations": 1600, "mutation_rate": 0.2, "tournament_size": 50, "initial_cost": 42.05230058465995, "best_route_length": 14.991035125423247, "elapsed_time": 27.135651291988324}
