{"num_cities": 200, "population_size": 50, "total_generations": 1200, "mutation_rate": 0.2, "tournament_size": 50, "initial_cost": 90.85223136757423, "best_route_length": 54.07459440391172, "elapsed_time": 12.902720457990654}
