{"num_cities": 300, "population_size": 50, "total_generations": 800, "mutation_rate": 0.2, "tournament_size": 50, "initial_cost": 138.64897764232927, "best_route_length": 107.82646799236687, "elapsed_time": 12.740114583008108}
