{"num_cities": 100, "population_size": 50, "total_generations": 400, "mutation_rate": 0.2, "tournament_size": 50, "initial_cost": 40.29723431590757, "best_route_length": 21.750778281970355, "elapsed_time": 4.795863332998124}
