{"num_cities": 400, "population_size": 250, "total_generations": 400, "mutation_rate": 0.2, "tournament_size": 50, "initial_cost": 177.75366052061966, "best_route_length": 113.77101331150348, "elapsed_time": 64.69512479100376}
