{"num_cities": 300, "population_size": 500, "total_generations": 200, "mutation_rate": 0.2, "tournament_size": 50, "initial_cost": 132.25531594582765, "best_route_length": 87.627873540874, "elapsed_time": 43.7419452079921}
