{"num_cities": 300, "population_size": 50, "total_generations": 400, "mutation_rate": 0.2, "tournament_size": 50, "initial_cost": 137.38471024418038, "best_route_length": 90.7337770161827, "elapsed_time": 16.474450207999325}
