{"num_cities": 400, "population_size": 250, "total_generations": 500, "mutation_rate": 0.2, "tournament_size": 50, "initial_cost": 184.66386701259586, "best_route_length": 79.83162597419168, "elapsed_time": 150.40419420899707}
