{"num_cities": 300, "population_size": 250, "total_generations": 400, "mutation_rate": 0.2, "tournament_size": 50, "initial_cost": 137.3604245056791, "best_route_length": 94.6989668459964, "elapsed_time": 30.560043250006856}
