{"num_cities": 400, "population_size": 100, "total_generations": 200, "mutation_rate": 0.2, "tournament_size": 50, "initial_cost": 183.4199177949183, "best_route_length": 152.3956395519159, "elapsed_time": 12.206265665998217}
