{"num_cities": 200, "population_size": 500, "total_generations": 1600, "mutation_rate": 0.2, "tournament_size": 50, "initial_cost": 88.42692241107568, "best_route_length": 36.60823711890963, "elapsed_time": 120.01497904199641}
