{"num_cities": 100, "population_size": 50, "total_generations": 300, "mutation_rate": 0.2, "tournament_size": 50, "initial_cost": 43.21838287589864, "best_route_length": 21.604908235812225, "elapsed_time": 3.542997500000638}
