{"num_cities": 400, "population_size": 50, "total_generations": 300, "mutation_rate": 0.2, "tournament_size": 50, "initial_cost": 187.90197213012567, "best_route_length": 146.7773206504059, "elapsed_time": 17.871679292002227}
