{"num_cities": 100, "population_size": 250, "total_generations": 200, "mutation_rate": 0.2, "tournament_size": 50, "initial_cost": 43.03567450204772, "best_route_length": 15.500762318191248, "elapsed_time": 11.774026166996919}
