{"num_cities": 400, "population_size": 50, "total_generations": 320, "mutation_rate": 0.2, "tournament_size": 50, "initial_cost": 182.84204326057866, "best_route_length": 169.74529401782172, "elapsed_time": 7.3393745420034975}
