{"num_cities": 400, "population_size": 250, "total_generations": 300, "mutation_rate": 0.2, "tournament_size": 50, "initial_cost": 180.89352327527763, "best_route_length": 98.64813556736851, "elapsed_time": 90.46196770798997}
