{"num_cities": 100, "population_size": 100, "total_generations": 200, "mutation_rate": 0.2, "tournament_size": 50, "initial_cost": 42.594351030356314, "best_route_length": 18.468162520835445, "elapsed_time": 4.744254457997158}
