{"num_cities": 300, "population_size": 250, "total_generations": 200, "mutation_rate": 0.2, "tournament_size": 50, "initial_cost": 135.91952069636872, "best_route_length": 93.61457708076544, "elapsed_time": 21.86679520799953}
