{"num_cities": 200, "population_size": 250, "total_generations": 640, "mutation_rate": 0.2, "tournament_size": 50, "initial_cost": 89.97239841870834, "best_route_length": 58.83207350485994, "elapsed_time": 23.196183624997502}
