{"num_cities": 400, "population_size": 100, "total_generations": 400, "mutation_rate": 0.2, "tournament_size": 50, "initial_cost": 187.89008176179323, "best_route_length": 129.06963592739234, "elapsed_time": 24.760438833996886}
