{"num_cities": 300, "population_size": 500, "total_generations": 800, "mutation_rate": 0.2, "tournament_size": 50, "initial_cost": 138.55759708937686, "best_route_length": 70.88207249594396, "elapsed_time": 128.98141454099095}
