{"num_cities": 100, "population_size": 50, "total_generations": 200, "mutation_rate": 0.2, "tournament_size": 50, "initial_cost": 44.8845797927346, "best_route_length": 32.36532590287347, "elapsed_time": 1.2155302080063848}
