{"num_cities": 100, "population_size": 500, "total_generations": 800, "mutation_rate": 0.2, "tournament_size": 50, "initial_cost": 41.82167156127777, "best_route_length": 10.367704823525656, "elapsed_time": 54.31598170900543}
