{"num_cities": 400, "population_size": 50, "total_generations": 600, "mutation_rate": 0.2, "tournament_size": 50, "initial_cost": 190.63246730704626, "best_route_length": 146.19949023349966, "elapsed_time": 19.33970016600506}
