{"num_cities": 200, "population_size": 100, "total_generations": 400, "mutation_rate": 0.2, "tournament_size": 50, "initial_cost": 84.7736042824049, "best_route_length": 37.09053816102553, "elapsed_time": 20.517143541001133}
