{"num_cities": 200, "population_size": 100, "total_generations": 800, "mutation_rate": 0.2, "tournament_size": 50, "initial_cost": 89.1598258985258, "best_route_length": 39.68862936380163, "elapsed_time": 23.197101041005226}
