{"num_cities": 400, "population_size": 250, "total_generations": 200, "mutation_rate": 0.2, "tournament_size": 50, "initial_cost": 186.6605795250822, "best_route_length": 119.58198331005093, "elapsed_time": 60.336341583999456}
