{"num_cities": 200, "population_size": 50, "total_generations": 300, "mutation_rate": 0.2, "tournament_size": 50, "initial_cost": 90.2421574524093, "best_route_length": 56.82381137842896, "elapsed_time": 7.514750582995475}
