{"num_cities": 300, "population_size": 50, "total_generations": 200, "mutation_rate": 0.2, "tournament_size": 50, "initial_cost": 139.60093335864568, "best_route_length": 109.37187276188327, "elapsed_time": 8.281658917010645}
