{"num_cities": 300, "population_size": 250, "total_generations": 400, "mutation_rate": 0.2, "tournament_size": 50, "initial_cost": 134.9876568229741, "best_route_length": 110.01730314329949, "elapsed_time": 23.354457207999076}
