{"num_cities": 400, "population_size": 100, "total_generations": 400, "mutation_rate": 0.2, "tournament_size": 50, "initial_cost": 183.6850845885085, "best_route_length": 104.48114290461888, "elapsed_time": 48.214916583005106}
