{"num_cities": 100, "population_size": 250, "total_generations": 400, "mutation_rate": 0.2, "tournament_size": 50, "initial_cost": 42.62651539739634, "best_route_length": 27.676106247818527, "elapsed_time": 6.3882752500067}
