{"num_cities": 200, "population_size": 100, "total_generations": 400, "mutation_rate": 0.2, "tournament_size": 50, "initial_cost": 90.57782507169775, "best_route_length": 70.058425464162, "elapsed_time": 5.650047540999367}
