{"num_cities": 300, "population_size": 250, "total_generations": 400, "mutation_rate": 0.2, "tournament_size": 50, "initial_cost": 134.28396782524888, "best_route_length": 58.11519198645109, "elapsed_time": 83.05644458299503}
