{"num_cities": 100, "population_size": 100, "total_generations": 400, "mutation_rate": 0.2, "tournament_size": 50, "initial_cost": 44.07185300709366, "best_route_length": 28.227326630239197, "elapsed_time": 2.598179374996107}
