{"num_cities": 300, "population_size": 500, "total_generations": 400, "mutation_rate": 0.2, "tournament_size": 50, "initial_cost": 134.94726678867158, "best_route_length": 68.1361397117128, "elapsed_time": 91.90455424999527}
