{"num_cities": 300, "population_size": 500, "total_generations": 640, "mutation_rate": 0.2, "tournament_size": 50, "initial_cost": 132.63608884186672, "best_route_length": 92.67100145201793, "elapsed_time": 78.45976862500538}
