{"num_cities": 200, "population_size": 50, "total_generations": 200, "mutation_rate": 0.2, "tournament_size": 50, "initial_cost": 92.1081847526606, "best_route_length": 67.734392957295, "elapsed_time": 5.103709041999537}
