{"num_cities": 400, "population_size": 500, "total_generations": 400, "mutation_rate": 0.2, "tournament_size": 50, "initial_cost": 183.64592054380824, "best_route_length": 109.50743185341048, "elapsed_time": 132.17001704199356}
