{"num_cities": 400, "population_size": 500, "total_generations": 300, "mutation_rate": 0.2, "tournament_size": 50, "initial_cost": 178.7351001915233, "best_route_length": 92.72172728543514, "elapsed_time": 179.64996083399456}
