{"num_cities": 300, "population_size": 500, "total_generations": 600, "mutation_rate": 0.2, "tournament_size": 50, "initial_cost": 135.3394172481996, "best_route_length": 55.92622928817924, "elapsed_time": 133.4750826669915}
