{"num_cities": 300, "population_size": 250, "total_generations": 800, "mutation_rate": 0.2, "tournament_size": 50, "initial_cost": 137.65825342533338, "best_route_length": 57.13321634431509, "elapsed_time": 90.25384774999111}
