{"num_cities": 400, "population_size": 100, "total_generations": 1200, "mutation_rate": 0.2, "tournament_size": 50, "initial_cost": 188.79866539046833, "best_route_length": 107.74147518371682, "elapsed_time": 55.889580417002435}
