{"num_cities": 200, "population_size": 50, "total_generations": 400, "mutation_rate": 0.2, "tournament_size": 50, "initial_cost": 92.42047577722744, "best_route_length": 54.52902294904892, "elapsed_time": 10.159234124992508}
