{"num_cities": 200, "population_size": 50, "total_generations": 200, "mutation_rate": 0.2, "tournament_size": 50, "initial_cost": 88.94602304421382, "best_route_length": 75.29837243670194, "elapsed_time": 2.8678897920035524}
