{"num_cities": 300, "population_size": 50, "total_generations": 600, "mutation_rate": 0.2, "tournament_size": 50, "initial_cost": 142.31232800899176, "best_route_length": 98.53263047252283, "elapsed_time": 13.478813167006592}
