{"num_cities": 300, "population_size": 100, "total_generations": 400, "mutation_rate": 0.2, "tournament_size": 50, "initial_cost": 136.62256098765846, "best_route_length": 69.46989620048817, "elapsed_time": 33.083184417002485}
