{"num_cities": 400, "population_size": 50, "total_generations": 400, "mutation_rate": 0.2, "tournament_size": 50, "initial_cost": 184.54736876141143, "best_route_length": 176.29268357800046, "elapsed_time": 6.6143185420078225}
