{"num_cities": 100, "population_size": 100, "total_generations": 800, "mutation_rate": 0.2, "tournament_size": 50, "initial_cost": 42.39194156672594, "best_route_length": 13.849107448789, "elapsed_time": 9.726071249999222}
