{"num_cities": 100, "population_size": 500, "total_generations": 200, "mutation_rate": 0.2, "tournament_size": 50, "initial_cost": 41.713230051228564, "best_route_length": 19.426034837663888, "elapsed_time": 12.06061662499269}
