{"num_cities": 100, "population_size": 500, "total_generations": 400, "mutation_rate": 0.2, "tournament_size": 50, "initial_cost": 41.60422753696899, "best_route_length": 14.218101089499205, "elapsed_time": 25.199299291998614}
