{"num_cities": 400, "population_size": 250, "total_generations": 400, "mutation_rate": 0.2, "tournament_size": 50, "initial_cost": 184.02855387020176, "best_route_length": 151.6384348302434, "elapsed_time": 33.686680874991}
