{"num_cities": 400, "population_size": 500, "total_generations": 320, "mutation_rate": 0.2, "tournament_size": 50, "initial_cost": 180.22572021669308, "best_route_length": 134.54980445110004, "elapsed_time": 75.07281174999662}
