{"num_cities": 400, "population_size": 50, "total_generations": 500, "mutation_rate": 0.2, "tournament_size": 50, "initial_cost": 185.24694035599427, "best_route_length": 125.74031570902866, "elapsed_time": 29.699917541001923}
