{"num_cities": 100, "population_size": 50, "total_generations": 1600, "mutation_rate": 0.2, "tournament_size": 50, "initial_cost": 41.820382648708915, "best_route_length": 21.853788751368228, "elapsed_time": 5.14097833300184}
