{"num_cities": 300, "population_size": 500, "total_generations": 200, "mutation_rate": 0.2, "tournament_size": 50, "initial_cost": 137.05295017813998, "best_route_length": 74.43747129932258, "elapsed_time": 83.79298658299376}
