{"num_cities": 100, "population_size": 250, "total_generations": 400, "mutation_rate": 0.2, "tournament_size": 50, "initial_cost": 41.33421391471627, "best_route_length": 14.37338364228536, "elapsed_time": 12.487856207997538}
