{"num_cities": 300, "population_size": 50, "total_generations": 400, "mutation_rate": 0.2, "tournament_size": 50, "initial_cost": 134.7074598386633, "best_route_length": 126.31185247945277, "elapsed_time": 4.761547124988283}
