{"num_cities": 200, "population_size": 100, "total_generations": 1200, "mutation_rate": 0.2, "tournament_size": 50, "initial_cost": 87.87595652156209, "best_route_length": 42.8832969706302, "elapsed_time": 23.576568292002776}
