{"num_cities": 400, "population_size": 50, "total_generations": 200, "mutation_rate": 0.2, "tournament_size": 50, "initial_cost": 180.75993530822103, "best_route_length": 153.01919089855494, "elapsed_time": 12.069947332987795}
