{"population_size": 100, "total_generations": 100, "mutation_rate": 0.1, "tournament_size": 25, "initial_cost": 235.83003624885907, "best_route_length": 194.14360594925978, "elapsed_time": 10.56323641599738}
