{"population_size": 500, "total_generations": 96, "mutation_rate": 0.2, "tournament_size": 5, "initial_cost": 229.05276851360125, "best_route_length": 223.33780044626522, "elapsed_time": 7.138696667003387}
