{"population_size": 500, "total_generations": 48, "mutation_rate": 0.01, "tournament_size": 5, "initial_cost": 226.84434165476077, "best_route_length": 226.84434165476077, "elapsed_time": 0.40064008400077}
