{"population_size": 500, "total_generations": 48, "mutation_rate": 0.2, "tournament_size": 5, "initial_cost": 230.00672325821938, "best_route_length": 226.65335537828824, "elapsed_time": 4.545954166998854}
