{"population_size": 500, "total_generations": 200, "mutation_rate": 0.1, "tournament_size": 10, "initial_cost": 230.81361995784033, "best_route_length": 212.93435543956738, "elapsed_time": 22.96475837500475}
