{"population_size": 250, "total_generations": 48, "mutation_rate": 0.2, "tournament_size": 5, "initial_cost": 232.89736267129618, "best_route_length": 225.40089933977885, "elapsed_time": 2.3176835000049323}
