{"population_size": 100, "total_generations": 48, "mutation_rate": 0.01, "tournament_size": 25, "initial_cost": 229.70096020318823, "best_route_length": 229.70096020318823, "elapsed_time": 0.10151954100001603}
