{"population_size": 500, "total_generations": 48, "mutation_rate": 0.01, "tournament_size": 50, "initial_cost": 226.24889611809454, "best_route_length": 218.46553880839022, "elapsed_time": 10.63432012499834}
