{"population_size": 250, "total_generations": 200, "mutation_rate": 0.05, "tournament_size": 10, "initial_cost": 232.92303659490514, "best_route_length": 200.10880929340934, "elapsed_time": 14.602060291996168}
