{"population_size": 250, "total_generations": 50, "mutation_rate": 0.1, "tournament_size": 50, "initial_cost": 235.43217426926847, "best_route_length": 201.0551690448061, "elapsed_time": 19.64921891699487}
