{"population_size": 100, "total_generations": 100, "mutation_rate": 0.01, "tournament_size": 50, "initial_cost": 234.0950947380728, "best_route_length": 216.127230450992, "elapsed_time": 5.945055249998404}
