{"population_size": 500, "total_generations": 200, "mutation_rate": 0.01, "tournament_size": 25, "initial_cost": 231.46008244813837, "best_route_length": 146.77204069609638, "elapsed_time": 111.21478924999974}
