{"population_size": 500, "total_generations": 200, "mutation_rate": 0.2, "tournament_size": 5, "initial_cost": 226.71659874187597, "best_route_length": 200.19932038994526, "elapsed_time": 25.891139999999723}
