{"population_size": 500, "total_generations": 200, "mutation_rate": 0.2, "tournament_size": 50, "initial_cost": 227.3732304049263, "best_route_length": 168.93523900206202, "elapsed_time": 89.27696279199881}
