{"population_size": 100, "total_generations": 50, "mutation_rate": 0.05, "tournament_size": 5, "initial_cost": 229.75991221276112, "best_route_length": 204.64549786352663, "elapsed_time": 3.3746655419963645}
