{"population_size": 250, "total_generations": 96, "mutation_rate": 0.2, "tournament_size": 5, "initial_cost": 231.2818079355068, "best_route_length": 224.7507192519035, "elapsed_time": 3.453463624995493}
