{"population_size": 100, "total_generations": 100, "mutation_rate": 0.2, "tournament_size": 5, "initial_cost": 237.28999373963717, "best_route_length": 205.8199073715748, "elapsed_time": 3.593119167002442}
