{"population_size": 250, "total_generations": 100, "mutation_rate": 0.01, "tournament_size": 10, "initial_cost": 232.19716590029591, "best_route_length": 203.30645921159166, "elapsed_time": 7.574894624995068}
