{"population_size": 250, "total_generations": 200, "mutation_rate": 0.2, "tournament_size": 5, "initial_cost": 234.72035078093006, "best_route_length": 191.8743140477293, "elapsed_time": 18.266495083000336}
