{"population_size": 100, "total_generations": 100, "mutation_rate": 0.05, "tournament_size": 5, "initial_cost": 234.5795757984884, "best_route_length": 215.66858737599918, "elapsed_time": 2.5218854999984615}
