{"population_size": 500, "total_generations": 48, "mutation_rate": 0.1, "tournament_size": 25, "initial_cost": 227.75970053740878, "best_route_length": 227.75970053740878, "elapsed_time": 0.298065625000163}
