{"population_size": 250, "total_generations": 100, "mutation_rate": 0.1, "tournament_size": 5, "initial_cost": 233.28406955546134, "best_route_length": 208.31050798333328, "elapsed_time": 9.302934874998755}
