{"population_size": 250, "total_generations": 200, "mutation_rate": 0.1, "tournament_size": 25, "initial_cost": 234.07291687400544, "best_route_length": 181.3890662255069, "elapsed_time": 29.099863083996752}
