{"population_size": 100, "total_generations": 200, "mutation_rate": 0.05, "tournament_size": 10, "initial_cost": 229.51978808411812, "best_route_length": 188.51909873601497, "elapsed_time": 8.304704624999431}
