{"population_size": 100, "total_generations": 200, "mutation_rate": 0.1, "tournament_size": 10, "initial_cost": 232.100755335721, "best_route_length": 189.87397308639922, "elapsed_time": 8.325689749995945}
