{"population_size": 100, "total_generations": 50, "mutation_rate": 0.1, "tournament_size": 25, "initial_cost": 233.45086491471895, "best_route_length": 212.6594844733777, "elapsed_time": 2.842811875001644}
