{"population_size": 100, "total_generations": 200, "mutation_rate": 0.1, "tournament_size": 10, "initial_cost": 235.60658481195182, "best_route_length": 214.3506891863524, "elapsed_time": 4.667640250001568}
