{"population_size": 250, "total_generations": 48, "mutation_rate": 0.05, "tournament_size": 5, "initial_cost": 226.3775242660514, "best_route_length": 226.3775242660514, "elapsed_time": 0.19854666700121015}
