{"population_size": 100, "total_generations": 100, "mutation_rate": 0.1, "tournament_size": 50, "initial_cost": 230.99262887108534, "best_route_length": 205.548116623517, "elapsed_time": 8.466001124994364}
