{"population_size": 250, "total_generations": 48, "mutation_rate": 0.01, "tournament_size": 5, "initial_cost": 232.55546831590772, "best_route_length": 222.97791936744713, "elapsed_time": 2.320155542001885}
