{"population_size": 100, "total_generations": 48, "mutation_rate": 0.05, "tournament_size": 50, "initial_cost": 234.67451746179668, "best_route_length": 222.73479478446703, "elapsed_time": 1.971799708000617}
