{"population_size": 500, "total_generations": 100, "mutation_rate": 0.01, "tournament_size": 10, "initial_cost": 232.37217879000255, "best_route_length": 204.1597892227911, "elapsed_time": 21.309868249998544}
