{"population_size": 100, "total_generations": 50, "mutation_rate": 0.01, "tournament_size": 5, "initial_cost": 236.15944303803522, "best_route_length": 215.77013675392493, "elapsed_time": 1.7375867499940796}
