{"population_size": 250, "total_generations": 48, "mutation_rate": 0.1, "tournament_size": 25, "initial_cost": 228.9975949652268, "best_route_length": 221.56584090830827, "elapsed_time": 3.715981749999628}
