{"population_size": 250, "total_generations": 48, "mutation_rate": 0.01, "tournament_size": 25, "initial_cost": 228.2754541494384, "best_route_length": 228.2754541494384, "elapsed_time": 0.1732986660063034}
