{"population_size": 100, "total_generations": 200, "mutation_rate": 0.01, "tournament_size": 10, "initial_cost": 236.33287652051538, "best_route_length": 202.3533661662109, "elapsed_time": 5.8825964580028085}
