{"population_size": 100, "total_generations": 50, "mutation_rate": 0.1, "tournament_size": 5, "initial_cost": 231.99808580729783, "best_route_length": 201.99738161923386, "elapsed_time": 3.392800207999244}
