{"population_size": 500, "total_generations": 200, "mutation_rate": 0.05, "tournament_size": 5, "initial_cost": 231.20315745043132, "best_route_length": 214.75450381475716, "elapsed_time": 19.60295883299841}
