{"population_size": 250, "total_generations": 96, "mutation_rate": 0.01, "tournament_size": 50, "initial_cost": 233.80137450492984, "best_route_length": 222.53952462547753, "elapsed_time": 9.228865417004272}
