{"population_size": 250, "total_generations": 200, "mutation_rate": 0.2, "tournament_size": 25, "initial_cost": 236.81878555063003, "best_route_length": 197.0352852958049, "elapsed_time": 21.141269082996587}
