{"population_size": 250, "total_generations": 48, "mutation_rate": 0.2, "tournament_size": 50, "initial_cost": 231.31865717973693, "best_route_length": 222.59862029830248, "elapsed_time": 5.4636247500020545}
