{"population_size": 250, "total_generations": 100, "mutation_rate": 0.05, "tournament_size": 50, "initial_cost": 231.47505329386308, "best_route_length": 207.8290209293785, "elapsed_time": 15.362034709003638}
