{"population_size": 100, "total_generations": 100, "mutation_rate": 0.2, "tournament_size": 50, "initial_cost": 232.7054616875937, "best_route_length": 202.0734637303327, "elapsed_time": 8.613752500001283}
