{"population_size": 100, "total_generations": 48, "mutation_rate": 0.01, "tournament_size": 10, "initial_cost": 230.1762548553085, "best_route_length": 230.1762548553085, "elapsed_time": 0.09824400000070455}
