{"population_size": 250, "total_generations": 50, "mutation_rate": 0.1, "tournament_size": 10, "initial_cost": 228.50079322863297, "best_route_length": 202.7415362004866, "elapsed_time": 9.523865833005402}
