{"population_size": 100, "total_generations": 200, "mutation_rate": 0.05, "tournament_size": 25, "initial_cost": 233.07169712270658, "best_route_length": 210.09968833443676, "elapsed_time": 6.703781541000353}
