{"population_size": 500, "total_generations": 96, "mutation_rate": 0.1, "tournament_size": 50, "initial_cost": 224.2442681717228, "best_route_length": 218.08164597487502, "elapsed_time": 18.175861540999904}
