{"population_size": 500, "total_generations": 200, "mutation_rate": 0.05, "tournament_size": 50, "initial_cost": 230.9672683533224, "best_route_length": 173.0850894439448, "elapsed_time": 90.6658267909952}
