{"population_size": 100, "total_generations": 200, "mutation_rate": 0.05, "tournament_size": 5, "initial_cost": 232.28563661447086, "best_route_length": 208.40344097317953, "elapsed_time": 5.148562750000565}
