{"population_size": 500, "total_generations": 48, "mutation_rate": 0.05, "tournament_size": 25, "initial_cost": 226.91325312322948, "best_route_length": 226.91325312322948, "elapsed_time": 0.30794795799738495}
