{"population_size": 250, "total_generations": 48, "mutation_rate": 0.01, "tournament_size": 10, "initial_cost": 228.12382661754003, "best_route_length": 228.12382661754003, "elapsed_time": 0.18930949999776203}
