{"population_size": 100, "total_generations": 48, "mutation_rate": 0.1, "tournament_size": 25, "initial_cost": 234.99867016476594, "best_route_length": 226.2284584683079, "elapsed_time": 1.3645567920029862}
