{"population_size": 100, "total_generations": 200, "mutation_rate": 0.05, "tournament_size": 5, "initial_cost": 231.33915377870332, "best_route_length": 172.5450430915702, "elapsed_time": 13.759825749999436}
