{"population_size": 100, "total_generations": 48, "mutation_rate": 0.2, "tournament_size": 50, "initial_cost": 231.4934154228949, "best_route_length": 231.4934154228949, "elapsed_time": 0.09233220800524577}
