{"population_size": 100, "total_generations": 48, "mutation_rate": 0.1, "tournament_size": 50, "initial_cost": 235.0029746311623, "best_route_length": 226.38216422070795, "elapsed_time": 2.016235417002463}
