{"population_size": 500, "total_generations": 50, "mutation_rate": 0.05, "tournament_size": 25, "initial_cost": 232.35059883557108, "best_route_length": 210.82345156254465, "elapsed_time": 14.972098042002472}
