{"population_size": 100, "total_generations": 48, "mutation_rate": 0.01, "tournament_size": 5, "initial_cost": 235.31526461237118, "best_route_length": 226.2462597218439, "elapsed_time": 0.8309174579990213}
