{"population_size": 100, "total_generations": 50, "mutation_rate": 0.05, "tournament_size": 10, "initial_cost": 232.48941431064443, "best_route_length": 206.64361064867356, "elapsed_time": 3.863549707995844}
