{"population_size": 250, "total_generations": 100, "mutation_rate": 0.2, "tournament_size": 10, "initial_cost": 233.43685284098038, "best_route_length": 212.0315966802188, "elapsed_time": 7.421782750003331}
