{"population_size": 100, "total_generations": 50, "mutation_rate": 0.05, "tournament_size": 50, "initial_cost": 234.96648011431927, "best_route_length": 205.0542217618405, "elapsed_time": 7.921723374995054}
