{"population_size": 500, "total_generations": 48, "mutation_rate": 0.01, "tournament_size": 25, "initial_cost": 226.50306548373433, "best_route_length": 226.50306548373433, "elapsed_time": 0.29744016699987696}
