{"population_size": 250, "total_generations": 48, "mutation_rate": 0.05, "tournament_size": 10, "initial_cost": 232.90252531048475, "best_route_length": 222.6114064922238, "elapsed_time": 2.6688743750055437}
