{"population_size": 100, "total_generations": 50, "mutation_rate": 0.05, "tournament_size": 50, "initial_cost": 233.33523701958572, "best_route_length": 213.4182577534228, "elapsed_time": 4.031267416998162}
