{"population_size": 250, "total_generations": 50, "mutation_rate": 0.05, "tournament_size": 10, "initial_cost": 232.56365226823647, "best_route_length": 214.0086654480792, "elapsed_time": 5.328958917001728}
