{"population_size": 500, "total_generations": 48, "mutation_rate": 0.05, "tournament_size": 50, "initial_cost": 226.57407716355206, "best_route_length": 226.57407716355206, "elapsed_time": 0.32305429199914215}
