{"population_size": 250, "total_generations": 48, "mutation_rate": 0.05, "tournament_size": 25, "initial_cost": 229.0893379228633, "best_route_length": 221.98632613684146, "elapsed_time": 3.762136165998527}
