{"population_size": 500, "total_generations": 100, "mutation_rate": 0.05, "tournament_size": 50, "initial_cost": 232.23684101560133, "best_route_length": 193.99284230067363, "elapsed_time": 43.500540749999345}
