{"population_size": 500, "total_generations": 96, "mutation_rate": 0.1, "tournament_size": 25, "initial_cost": 229.18657422439787, "best_route_length": 219.06179047082264, "elapsed_time": 11.95850475000043}
