{"population_size": 100, "total_generations": 96, "mutation_rate": 0.01, "tournament_size": 50, "initial_cost": 232.24126950193758, "best_route_length": 224.20645965582958, "elapsed_time": 3.4209317920031026}
