{"population_size": 500, "total_generations": 100, "mutation_rate": 0.01, "tournament_size": 50, "initial_cost": 234.0984707119671, "best_route_length": 195.51740976602463, "elapsed_time": 42.968973540999286}
