{"population_size": 500, "total_generations": 48, "mutation_rate": 0.05, "tournament_size": 10, "initial_cost": 225.73669704254345, "best_route_length": 225.73669704254345, "elapsed_time": 0.3180838330008555}
