{"population_size": 250, "total_generations": 50, "mutation_rate": 0.2, "tournament_size": 5, "initial_cost": 234.4299329222587, "best_route_length": 214.0082549230789, "elapsed_time": 4.6368971670017345}
