{"population_size": 100, "total_generations": 100, "mutation_rate": 0.1, "tournament_size": 5, "initial_cost": 234.73488671291145, "best_route_length": 194.50869636535208, "elapsed_time": 6.7867311669979244}
