{"population_size": 250, "total_generations": 48, "mutation_rate": 0.1, "tournament_size": 5, "initial_cost": 228.53174951338275, "best_route_length": 228.53174951338275, "elapsed_time": 0.18434862499998417}
