{"population_size": 500, "total_generations": 100, "mutation_rate": 0.1, "tournament_size": 5, "initial_cost": 230.5517701279372, "best_route_length": 207.03661424729296, "elapsed_time": 18.342791458002466}
