{"population_size": 250, "total_generations": 200, "mutation_rate": 0.2, "tournament_size": 10, "initial_cost": 234.04433523297166, "best_route_length": 157.33613383328458, "elapsed_time": 39.31922745799966}
