{"population_size": 250, "total_generations": 200, "mutation_rate": 0.1, "tournament_size": 50, "initial_cost": 232.93301690145498, "best_route_length": 180.11051024317192, "elapsed_time": 43.29936008399818}
