{"population_size": 500, "total_generations": 48, "mutation_rate": 0.05, "tournament_size": 25, "initial_cost": 232.30683277577376, "best_route_length": 223.0815531356113, "elapsed_time": 7.210848665999947}
