{"population_size": 500, "total_generations": 200, "mutation_rate": 0.1, "tournament_size": 50, "initial_cost": 226.48457201360318, "best_route_length": 174.29950102366163, "elapsed_time": 90.94498300000123}
