{"population_size": 100, "total_generations": 200, "mutation_rate": 0.1, "tournament_size": 25, "initial_cost": 231.41298084805865, "best_route_length": 168.96768935449595, "elapsed_time": 21.685529292000865}
