{"population_size": 250, "total_generations": 100, "mutation_rate": 0.2, "tournament_size": 5, "initial_cost": 229.68190752528284, "best_route_length": 217.54241338186455, "elapsed_time": 6.45929750000505}
