{"population_size": 100, "total_generations": 100, "mutation_rate": 0.05, "tournament_size": 50, "initial_cost": 230.32592751449036, "best_route_length": 195.0660716534319, "elapsed_time": 15.768898958005593}
