{"population_size": 500, "total_generations": 48, "mutation_rate": 0.2, "tournament_size": 25, "initial_cost": 225.13325591864006, "best_route_length": 220.32307570166358, "elapsed_time": 7.234708707997925}
