{"population_size": 250, "total_generations": 48, "mutation_rate": 0.05, "tournament_size": 50, "initial_cost": 231.55774432562637, "best_route_length": 224.4483417121023, "elapsed_time": 5.451553791994229}
