{"population_size": 500, "total_generations": 200, "mutation_rate": 0.2, "tournament_size": 10, "initial_cost": 227.58808165998823, "best_route_length": 181.55633888653745, "elapsed_time": 44.09554741700413}
