{"population_size": 250, "total_generations": 48, "mutation_rate": 0.05, "tournament_size": 5, "initial_cost": 226.65945287429201, "best_route_length": 218.4764012142784, "elapsed_time": 2.331747958000051}
