{"population_size": 100, "total_generations": 100, "mutation_rate": 0.01, "tournament_size": 25, "initial_cost": 237.68384661517638, "best_route_length": 202.26292746973613, "elapsed_time": 5.751110917000915}
