{"population_size": 100, "total_generations": 96, "mutation_rate": 0.1, "tournament_size": 10, "initial_cost": 235.03430976111628, "best_route_length": 226.44047527937263, "elapsed_time": 1.5626538340002298}
