{"population_size": 100, "total_generations": 50, "mutation_rate": 0.01, "tournament_size": 50, "initial_cost": 238.4774850595983, "best_route_length": 205.5925617802954, "elapsed_time": 7.875209999998333}
