{"population_size": 250, "total_generations": 100, "mutation_rate": 0.1, "tournament_size": 50, "initial_cost": 233.16889004080326, "best_route_length": 198.57515255146185, "elapsed_time": 21.995767250002245}
