{"population_size": 250, "total_generations": 100, "mutation_rate": 0.01, "tournament_size": 10, "initial_cost": 230.7873839280926, "best_route_length": 184.995856726981, "elapsed_time": 19.241898667001806}
