{"population_size": 100, "total_generations": 48, "mutation_rate": 0.05, "tournament_size": 50, "initial_cost": 229.5164603737119, "best_route_length": 229.5164603737119, "elapsed_time": 0.09754958399571478}
