{"population_size": 250, "total_generations": 100, "mutation_rate": 0.1, "tournament_size": 10, "initial_cost": 232.8988644360546, "best_route_length": 211.49839908767657, "elapsed_time": 7.39611879199947}
