{"population_size": 100, "total_generations": 50, "mutation_rate": 0.2, "tournament_size": 25, "initial_cost": 222.41680315548533, "best_route_length": 207.18263286007857, "elapsed_time": 2.7810855409989017}
