{"population_size": 100, "total_generations": 200, "mutation_rate": 0.01, "tournament_size": 25, "initial_cost": 230.44636828574323, "best_route_length": 172.64333902262658, "elapsed_time": 21.934508500002266}
