{"population_size": 250, "total_generations": 96, "mutation_rate": 0.2, "tournament_size": 25, "initial_cost": 229.0759920879168, "best_route_length": 221.12550433935377, "elapsed_time": 5.65984162499808}
