{"population_size": 500, "total_generations": 50, "mutation_rate": 0.1, "tournament_size": 10, "initial_cost": 226.0207124190288, "best_route_length": 212.23093575246833, "elapsed_time": 10.664070791004633}
