{"population_size": 500, "total_generations": 200, "mutation_rate": 0.05, "tournament_size": 10, "initial_cost": 228.4137660927516, "best_route_length": 179.94260207375396, "elapsed_time": 43.17481758299982}
