{"population_size": 250, "total_generations": 100, "mutation_rate": 0.05, "tournament_size": 50, "initial_cost": 230.3590142363933, "best_route_length": 196.4758347580747, "elapsed_time": 21.889687457995024}
