{"population_size": 100, "total_generations": 200, "mutation_rate": 0.01, "tournament_size": 10, "initial_cost": 228.6442645354781, "best_route_length": 214.57902027987106, "elapsed_time": 4.831885457999306}
