{"population_size": 100, "total_generations": 200, "mutation_rate": 0.2, "tournament_size": 5, "initial_cost": 235.3680423866724, "best_route_length": 175.33991766767096, "elapsed_time": 13.742064167003264}
