{"population_size": 250, "total_generations": 100, "mutation_rate": 0.2, "tournament_size": 50, "initial_cost": 234.32537214904997, "best_route_length": 199.79471947395788, "elapsed_time": 21.91413895900041}
