{"population_size": 100, "total_generations": 50, "mutation_rate": 0.01, "tournament_size": 25, "initial_cost": 236.170219605245, "best_route_length": 213.9970235501122, "elapsed_time": 2.762552083004266}
