{"population_size": 250, "total_generations": 50, "mutation_rate": 0.05, "tournament_size": 5, "initial_cost": 232.41719178648398, "best_route_length": 202.56351794101684, "elapsed_time": 8.374862374999793}
