{"population_size": 250, "total_generations": 96, "mutation_rate": 0.1, "tournament_size": 10, "initial_cost": 237.55184291944207, "best_route_length": 221.60741379809997, "elapsed_time": 4.021765125005913}
