{"population_size": 500, "total_generations": 48, "mutation_rate": 0.1, "tournament_size": 50, "initial_cost": 226.14670117045583, "best_route_length": 226.14670117045583, "elapsed_time": 0.3300865830024122}
