{"population_size": 500, "total_generations": 200, "mutation_rate": 0.05, "tournament_size": 25, "initial_cost": 223.9643714753613, "best_route_length": 147.85722060185827, "elapsed_time": 111.50633654099511}
