{"population_size": 250, "total_generations": 48, "mutation_rate": 0.2, "tournament_size": 10, "initial_cost": 228.3576956347443, "best_route_length": 228.3576956347443, "elapsed_time": 0.18251287499879254}
