{"population_size": 100, "total_generations": 100, "mutation_rate": 0.01, "tournament_size": 5, "initial_cost": 234.8053142296325, "best_route_length": 218.12887280057848, "elapsed_time": 2.5042582499954733}
