{"population_size": 250, "total_generations": 100, "mutation_rate": 0.1, "tournament_size": 5, "initial_cost": 230.99010166057477, "best_route_length": 194.5942010454506, "elapsed_time": 16.76079520899657}
