{"population_size": 100, "total_generations": 48, "mutation_rate": 0.2, "tournament_size": 50, "initial_cost": 235.77628590500876, "best_route_length": 226.09440357145434, "elapsed_time": 1.9545585829982883}
