{"population_size": 250, "total_generations": 200, "mutation_rate": 0.1, "tournament_size": 10, "initial_cost": 234.4757396049496, "best_route_length": 214.0791375288566, "elapsed_time": 11.529868625002564}
