{"population_size": 250, "total_generations": 200, "mutation_rate": 0.1, "tournament_size": 25, "initial_cost": 231.25095242181789, "best_route_length": 154.76827237250916, "elapsed_time": 55.296922083005484}
