{"population_size": 250, "total_generations": 50, "mutation_rate": 0.05, "tournament_size": 5, "initial_cost": 230.61953052866778, "best_route_length": 216.13420254799544, "elapsed_time": 4.526853832998313}
