{"population_size": 500, "total_generations": 96, "mutation_rate": 0.2, "tournament_size": 10, "initial_cost": 226.72540062374756, "best_route_length": 217.92571956806313, "elapsed_time": 8.329456624996965}
