{"population_size": 500, "total_generations": 96, "mutation_rate": 0.01, "tournament_size": 10, "initial_cost": 234.6837695668857, "best_route_length": 222.84016025656445, "elapsed_time": 8.219577209005365}
