{"population_size": 250, "total_generations": 48, "mutation_rate": 0.1, "tournament_size": 50, "initial_cost": 232.59924836067472, "best_route_length": 232.59924836067472, "elapsed_time": 0.1765769579942571}
