{"population_size": 250, "total_generations": 200, "mutation_rate": 0.05, "tournament_size": 25, "initial_cost": 227.17013345372192, "best_route_length": 179.44606423581968, "elapsed_time": 29.347099291997438}
