{"population_size": 100, "total_generations": 48, "mutation_rate": 0.05, "tournament_size": 25, "initial_cost": 236.33475817154687, "best_route_length": 225.62994442353082, "elapsed_time": 1.3931199590006145}
