{"population_size": 100, "total_generations": 96, "mutation_rate": 0.2, "tournament_size": 5, "initial_cost": 230.7583132376172, "best_route_length": 226.1746559703201, "elapsed_time": 1.377680457997485}
