{"population_size": 100, "total_generations": 50, "mutation_rate": 0.01, "tournament_size": 10, "initial_cost": 235.78660160157438, "best_route_length": 219.5897214165288, "elapsed_time": 2.029354083999351}
