{"population_size": 500, "total_generations": 96, "mutation_rate": 0.05, "tournament_size": 10, "initial_cost": 228.47452617740515, "best_route_length": 221.58823885504836, "elapsed_time": 8.447400666998874}
