{"population_size": 250, "total_generations": 200, "mutation_rate": 0.1, "tournament_size": 5, "initial_cost": 230.97164399260774, "best_route_length": 205.14981870324468, "elapsed_time": 12.680306290996668}
