{"population_size": 500, "total_generations": 200, "mutation_rate": 0.01, "tournament_size": 10, "initial_cost": 230.8310972662115, "best_route_length": 197.76933912446376, "elapsed_time": 30.451024750000215}
