{"population_size": 250, "total_generations": 200, "mutation_rate": 0.1, "tournament_size": 10, "initial_cost": 229.08702219207314, "best_route_length": 159.4135145840353, "elapsed_time": 39.66704695799854}
