{"population_size": 100, "total_generations": 200, "mutation_rate": 0.01, "tournament_size": 50, "initial_cost": 230.95065737806567, "best_route_length": 199.08561338296497, "elapsed_time": 16.826723457998014}
