{"population_size": 250, "total_generations": 200, "mutation_rate": 0.05, "tournament_size": 50, "initial_cost": 230.20257576679046, "best_route_length": 184.0500234510652, "elapsed_time": 43.154121249994205}
