{"population_size": 100, "total_generations": 100, "mutation_rate": 0.01, "tournament_size": 10, "initial_cost": 234.15777046866032, "best_route_length": 194.96668459790055, "elapsed_time": 7.605666582996491}
