{"population_size": 100, "total_generations": 200, "mutation_rate": 0.01, "tournament_size": 50, "initial_cost": 227.7452513655348, "best_route_length": 199.3005713177554, "elapsed_time": 12.248889582995616}
