{"population_size": 250, "total_generations": 100, "mutation_rate": 0.05, "tournament_size": 10, "initial_cost": 232.24526792079388, "best_route_length": 213.58584496662908, "elapsed_time": 7.581706334000046}
