{"population_size": 500, "total_generations": 200, "mutation_rate": 0.05, "tournament_size": 10, "initial_cost": 228.97148815000054, "best_route_length": 212.16728710683228, "elapsed_time": 23.267040958002326}
