{"population_size": 250, "total_generations": 100, "mutation_rate": 0.2, "tournament_size": 10, "initial_cost": 231.42200730902772, "best_route_length": 182.5343785734819, "elapsed_time": 19.16608304199326}
