{"population_size": 250, "total_generations": 200, "mutation_rate": 0.1, "tournament_size": 25, "initial_cost": 236.15038369770102, "best_route_length": 199.73945276107162, "elapsed_time": 20.871360917000857}
