{"population_size": 100, "total_generations": 200, "mutation_rate": 0.1, "tournament_size": 5, "initial_cost": 233.6925792631908, "best_route_length": 197.26109697495792, "elapsed_time": 7.280956041002355}
