{"population_size": 250, "total_generations": 50, "mutation_rate": 0.2, "tournament_size": 10, "initial_cost": 234.0625655886839, "best_route_length": 207.46253415619722, "elapsed_time": 9.599257583002327}
