{"population_size": 500, "total_generations": 200, "mutation_rate": 0.01, "tournament_size": 10, "initial_cost": 232.43812192634113, "best_route_length": 210.99513407572934, "elapsed_time": 25.218430459004594}
