{"population_size": 500, "total_generations": 100, "mutation_rate": 0.05, "tournament_size": 10, "initial_cost": 232.53908845125895, "best_route_length": 185.19968789256959, "elapsed_time": 38.403961291995074}
