{"population_size": 250, "total_generations": 200, "mutation_rate": 0.01, "tournament_size": 10, "initial_cost": 232.9986317549042, "best_route_length": 211.7742223346537, "elapsed_time": 11.71421887500037}
