{"population_size": 250, "total_generations": 200, "mutation_rate": 0.2, "tournament_size": 10, "initial_cost": 234.81336480857, "best_route_length": 212.75151562959962, "elapsed_time": 11.37706629200693}
