{"population_size": 500, "total_generations": 96, "mutation_rate": 0.01, "tournament_size": 25, "initial_cost": 231.44005891713994, "best_route_length": 220.2203071931287, "elapsed_time": 11.706641916003719}
