{"population_size": 500, "total_generations": 100, "mutation_rate": 0.2, "tournament_size": 10, "initial_cost": 226.90958152946988, "best_route_length": 184.97574614475687, "elapsed_time": 38.67657683300058}
