{"population_size": 250, "total_generations": 50, "mutation_rate": 0.01, "tournament_size": 25, "initial_cost": 233.2842231770919, "best_route_length": 201.64232951036692, "elapsed_time": 13.336152458003198}
