{"population_size": 100, "total_generations": 96, "mutation_rate": 0.1, "tournament_size": 5, "initial_cost": 230.88249305566035, "best_route_length": 226.80628933039532, "elapsed_time": 1.3533004999990226}
