{"population_size": 250, "total_generations": 48, "mutation_rate": 0.2, "tournament_size": 25, "initial_cost": 227.31176709477845, "best_route_length": 227.31176709477845, "elapsed_time": 0.2401442920017871}
