{"population_size": 100, "total_generations": 100, "mutation_rate": 0.05, "tournament_size": 5, "initial_cost": 235.66634499315148, "best_route_length": 203.70653188821936, "elapsed_time": 3.545343084006163}
