{"population_size": 250, "total_generations": 96, "mutation_rate": 0.2, "tournament_size": 10, "initial_cost": 231.29877733291357, "best_route_length": 224.4197123616696, "elapsed_time": 3.9881661250037723}
