{"population_size": 100, "total_generations": 100, "mutation_rate": 0.01, "tournament_size": 5, "initial_cost": 232.68514970740972, "best_route_length": 197.76559003467494, "elapsed_time": 6.605014584005403}
