{"population_size": 100, "total_generations": 200, "mutation_rate": 0.05, "tournament_size": 10, "initial_cost": 238.16397892090697, "best_route_length": 213.44750907993298, "elapsed_time": 4.675014915999782}
