{"population_size": 500, "total_generations": 200, "mutation_rate": 0.2, "tournament_size": 25, "initial_cost": 229.45419268787413, "best_route_length": 193.1345881199913, "elapsed_time": 43.49367012499715}
