{"population_size": 500, "total_generations": 200, "mutation_rate": 0.2, "tournament_size": 5, "initial_cost": 233.03032286087932, "best_route_length": 211.77124235835996, "elapsed_time": 19.60106729200197}
