{"population_size": 100, "total_generations": 48, "mutation_rate": 0.05, "tournament_size": 10, "initial_cost": 234.03876930274916, "best_route_length": 220.8259484695796, "elapsed_time": 0.9708220829998027}
