{"population_size": 500, "total_generations": 48, "mutation_rate": 0.05, "tournament_size": 10, "initial_cost": 231.63850056790156, "best_route_length": 222.6207719654999, "elapsed_time": 5.224576374996104}
