{"population_size": 500, "total_generations": 50, "mutation_rate": 0.2, "tournament_size": 5, "initial_cost": 230.53522006594517, "best_route_length": 206.79471967536585, "elapsed_time": 16.83111354200082}
