{"population_size": 250, "total_generations": 48, "mutation_rate": 0.01, "tournament_size": 50, "initial_cost": 228.399095310888, "best_route_length": 228.399095310888, "elapsed_time": 0.17724537500180304}
