{"population_size": 500, "total_generations": 200, "mutation_rate": 0.05, "tournament_size": 50, "initial_cost": 229.7455415822363, "best_route_length": 194.8918329401652, "elapsed_time": 62.90559616700193}
