{"population_size": 250, "total_generations": 100, "mutation_rate": 0.1, "tournament_size": 5, "initial_cost": 229.44651361786276, "best_route_length": 216.607734418455, "elapsed_time": 6.438389625000127}
