{"population_size": 500, "total_generations": 100, "mutation_rate": 0.1, "tournament_size": 50, "initial_cost": 227.78507182023304, "best_route_length": 193.95674462927616, "elapsed_time": 43.44921812500252}
