{"population_size": 250, "total_generations": 48, "mutation_rate": 0.2, "tournament_size": 5, "initial_cost": 226.95568483325476, "best_route_length": 226.95568483325476, "elapsed_time": 0.20916008300264366}
