{"population_size": 100, "total_generations": 200, "mutation_rate": 0.05, "tournament_size": 10, "initial_cost": 239.16668943640698, "best_route_length": 206.8907795772707, "elapsed_time": 5.972926499998721}
