{"population_size": 500, "total_generations": 96, "mutation_rate": 0.01, "tournament_size": 5, "initial_cost": 229.4056873995744, "best_route_length": 213.74394456358922, "elapsed_time": 6.955265916003555}
