{"population_size": 100, "total_generations": 200, "mutation_rate": 0.1, "tournament_size": 5, "initial_cost": 236.80147599476024, "best_route_length": 210.33923982486476, "elapsed_time": 5.143898375004937}
