{"population_size": 100, "total_generations": 48, "mutation_rate": 0.01, "tournament_size": 50, "initial_cost": 235.5193496593699, "best_route_length": 220.82527646827054, "elapsed_time": 1.972750458997325}
