{"population_size": 500, "total_generations": 48, "mutation_rate": 0.2, "tournament_size": 50, "initial_cost": 227.77884854343216, "best_route_length": 227.77884854343216, "elapsed_time": 0.3132590839959448}
