{"population_size": 250, "total_generations": 200, "mutation_rate": 0.2, "tournament_size": 25, "initial_cost": 225.75398395254032, "best_route_length": 207.52711617149382, "elapsed_time": 16.287205417000223}
