{"population_size": 250, "total_generations": 50, "mutation_rate": 0.01, "tournament_size": 50, "initial_cost": 229.39642357901323, "best_route_length": 203.62882985534324, "elapsed_time": 19.648570083001687}
