{"population_size": 500, "total_generations": 200, "mutation_rate": 0.05, "tournament_size": 5, "initial_cost": 224.9345297934264, "best_route_length": 174.68608474150687, "elapsed_time": 69.23795020800026}
