{"population_size": 500, "total_generations": 48, "mutation_rate": 0.2, "tournament_size": 25, "initial_cost": 226.47736229151457, "best_route_length": 226.47736229151457, "elapsed_time": 0.3113284580031177}
