{"population_size": 250, "total_generations": 100, "mutation_rate": 0.01, "tournament_size": 50, "initial_cost": 229.97256637468965, "best_route_length": 209.40780607851283, "elapsed_time": 16.14100899999903}
