{"population_size": 100, "total_generations": 48, "mutation_rate": 0.2, "tournament_size": 25, "initial_cost": 230.19819240985024, "best_route_length": 230.19819240985024, "elapsed_time": 0.10054158399725566}
