{"population_size": 250, "total_generations": 200, "mutation_rate": 0.01, "tournament_size": 50, "initial_cost": 235.15509533444302, "best_route_length": 185.3878521044183, "elapsed_time": 43.4511703330063}
