{"population_size": 100, "total_generations": 48, "mutation_rate": 0.1, "tournament_size": 5, "initial_cost": 229.17091735890872, "best_route_length": 229.17091735890872, "elapsed_time": 0.09840829199674772}
