{"population_size": 100, "total_generations": 100, "mutation_rate": 0.2, "tournament_size": 50, "initial_cost": 229.93252051603068, "best_route_length": 201.8586549039531, "elapsed_time": 15.59100991699961}
