{"population_size": 250, "total_generations": 100, "mutation_rate": 0.01, "tournament_size": 5, "initial_cost": 234.24358504234218, "best_route_length": 205.13732717446007, "elapsed_time": 8.999731250005425}
