{"population_size": 100, "total_generations": 96, "mutation_rate": 0.2, "tournament_size": 50, "initial_cost": 233.20227547908237, "best_route_length": 218.61551825126259, "elapsed_time": 3.5353871249972144}
