{"population_size": 100, "total_generations": 200, "mutation_rate": 0.2, "tournament_size": 25, "initial_cost": 235.51433727390418, "best_route_length": 206.5984426723868, "elapsed_time": 8.231331458002387}
