{"population_size": 250, "total_generations": 100, "mutation_rate": 0.2, "tournament_size": 25, "initial_cost": 232.6127258093346, "best_route_length": 199.61891467924363, "elapsed_time": 14.878207666995877}
