{"population_size": 250, "total_generations": 200, "mutation_rate": 0.01, "tournament_size": 50, "initial_cost": 227.97903800371606, "best_route_length": 193.7186009250205, "elapsed_time": 30.062403292002273}
