{"population_size": 250, "total_generations": 200, "mutation_rate": 0.05, "tournament_size": 5, "initial_cost": 229.97471926558015, "best_route_length": 203.79201514165018, "elapsed_time": 12.605593416999909}
