{"population_size": 250, "total_generations": 48, "mutation_rate": 0.01, "tournament_size": 25, "initial_cost": 233.55262518371313, "best_route_length": 218.8573312329199, "elapsed_time": 3.6553096659990842}
