{"population_size": 250, "total_generations": 96, "mutation_rate": 0.05, "tournament_size": 25, "initial_cost": 222.00776836787833, "best_route_length": 215.6969451916876, "elapsed_time": 5.791851082998619}
