{"population_size": 250, "total_generations": 200, "mutation_rate": 0.05, "tournament_size": 25, "initial_cost": 232.64094839130826, "best_route_length": 152.50307840741598, "elapsed_time": 55.320504874995095}
