{"population_size": 100, "total_generations": 50, "mutation_rate": 0.01, "tournament_size": 25, "initial_cost": 234.88775851843184, "best_route_length": 204.4552354582795, "elapsed_time": 5.331213207995461}
