{"population_size": 100, "total_generations": 100, "mutation_rate": 0.2, "tournament_size": 10, "initial_cost": 230.72126694969458, "best_route_length": 215.9781145298615, "elapsed_time": 3.016889166996407}
