{"population_size": 100, "total_generations": 96, "mutation_rate": 0.1, "tournament_size": 25, "initial_cost": 236.58445947178785, "best_route_length": 225.5463765155249, "elapsed_time": 2.345444625003438}
