{"population_size": 100, "total_generations": 200, "mutation_rate": 0.05, "tournament_size": 50, "initial_cost": 236.0799675832454, "best_route_length": 194.82565783985595, "elapsed_time": 16.720456958006253}
