{"population_size": 100, "total_generations": 200, "mutation_rate": 0.2, "tournament_size": 25, "initial_cost": 237.50350763863716, "best_route_length": 208.07051102918487, "elapsed_time": 6.85309770800086}
