{"population_size": 500, "total_generations": 100, "mutation_rate": 0.05, "tournament_size": 10, "initial_cost": 232.42183915054906, "best_route_length": 213.51568970447235, "elapsed_time": 14.94476491700334}
