{"population_size": 250, "total_generations": 100, "mutation_rate": 0.01, "tournament_size": 5, "initial_cost": 229.99254456798673, "best_route_length": 193.729633155595, "elapsed_time": 16.656819124997128}
