{"population_size": 100, "total_generations": 96, "mutation_rate": 0.2, "tournament_size": 25, "initial_cost": 232.5571480677323, "best_route_length": 224.0106222562287, "elapsed_time": 2.3256665830049315}
