{"population_size": 250, "total_generations": 96, "mutation_rate": 0.05, "tournament_size": 10, "initial_cost": 233.7502470866227, "best_route_length": 221.72472419857303, "elapsed_time": 4.042321083004936}
