{"population_size": 100, "total_generations": 200, "mutation_rate": 0.2, "tournament_size": 5, "initial_cost": 232.33510100614265, "best_route_length": 216.20366078983804, "elapsed_time": 3.9918805829947814}
