{"population_size": 500, "total_generations": 96, "mutation_rate": 0.2, "tournament_size": 50, "initial_cost": 232.25675301279392, "best_route_length": 218.76684230694408, "elapsed_time": 17.907677917006367}
