{"population_size": 250, "total_generations": 100, "mutation_rate": 0.1, "tournament_size": 25, "initial_cost": 235.17533765932555, "best_route_length": 181.19184342908005, "elapsed_time": 26.670349583000643}
