{"population_size": 500, "total_generations": 100, "mutation_rate": 0.1, "tournament_size": 50, "initial_cost": 229.05789904506014, "best_route_length": 176.236284290391, "elapsed_time": 78.87381287499738}
