{"population_size": 500, "total_generations": 100, "mutation_rate": 0.1, "tournament_size": 25, "initial_cost": 228.90917845340698, "best_route_length": 197.69511690335966, "elapsed_time": 29.38164629200037}
