{"population_size": 100, "total_generations": 50, "mutation_rate": 0.2, "tournament_size": 25, "initial_cost": 232.40193717570264, "best_route_length": 204.5354153066277, "elapsed_time": 5.366556999993918}
