{"population_size": 100, "total_generations": 50, "mutation_rate": 0.1, "tournament_size": 50, "initial_cost": 232.7088913977933, "best_route_length": 216.8296199905366, "elapsed_time": 4.084501874996931}
