{"population_size": 500, "total_generations": 48, "mutation_rate": 0.01, "tournament_size": 10, "initial_cost": 226.82569384685496, "best_route_length": 226.82569384685496, "elapsed_time": 0.3198226250024163}
