{"population_size": 500, "total_generations": 96, "mutation_rate": 0.05, "tournament_size": 25, "initial_cost": 232.30221359600216, "best_route_length": 218.6420872888009, "elapsed_time": 11.918423417002487}
