{"population_size": 500, "total_generations": 96, "mutation_rate": 0.1, "tournament_size": 5, "initial_cost": 229.98440935855686, "best_route_length": 222.37418576681623, "elapsed_time": 7.07636716599518}
