{"population_size": 100, "total_generations": 100, "mutation_rate": 0.05, "tournament_size": 10, "initial_cost": 236.12905650642506, "best_route_length": 208.5900572177848, "elapsed_time": 4.138806832997943}
