{"population_size": 100, "total_generations": 48, "mutation_rate": 0.05, "tournament_size": 5, "initial_cost": 228.24582168788794, "best_route_length": 228.24582168788794, "elapsed_time": 0.10028354200039757}
