{"population_size": 250, "total_generations": 50, "mutation_rate": 0.1, "tournament_size": 50, "initial_cost": 232.11628518470206, "best_route_length": 203.72144368325667, "elapsed_time": 10.843401958001778}
