{"population_size": 500, "total_generations": 200, "mutation_rate": 0.01, "tournament_size": 50, "initial_cost": 230.71716885959546, "best_route_length": 173.41192397171483, "elapsed_time": 89.10954129099991}
