{"population_size": 500, "total_generations": 200, "mutation_rate": 0.1, "tournament_size": 50, "initial_cost": 227.96992221551523, "best_route_length": 203.48990944094507, "elapsed_time": 49.03835033300129}
