{"population_size": 250, "total_generations": 100, "mutation_rate": 0.01, "tournament_size": 10, "initial_cost": 234.54911836615707, "best_route_length": 198.37712250659396, "elapsed_time": 10.47780045899708}
