{"population_size": 500, "total_generations": 48, "mutation_rate": 0.01, "tournament_size": 50, "initial_cost": 223.07676893518072, "best_route_length": 223.07676893518072, "elapsed_time": 0.3133561249997001}
