{"population_size": 250, "total_generations": 50, "mutation_rate": 0.2, "tournament_size": 25, "initial_cost": 231.87412667865982, "best_route_length": 211.180804989109, "elapsed_time": 7.540353582997341}
