{"population_size": 250, "total_generations": 50, "mutation_rate": 0.01, "tournament_size": 5, "initial_cost": 231.0314826922819, "best_route_length": 218.89267307357414, "elapsed_time": 4.624199833000603}
