{"population_size": 250, "total_generations": 96, "mutation_rate": 0.05, "tournament_size": 5, "initial_cost": 230.6971303530617, "best_route_length": 223.30116508504798, "elapsed_time": 3.5020494579948718}
