{"population_size": 250, "total_generations": 200, "mutation_rate": 0.01, "tournament_size": 25, "initial_cost": 235.49076449489564, "best_route_length": 166.3165884677987, "elapsed_time": 55.17572812499566}
