{"population_size": 100, "total_generations": 100, "mutation_rate": 0.1, "tournament_size": 5, "initial_cost": 236.6019062792177, "best_route_length": 219.09251521011566, "elapsed_time": 2.6068301250052173}
