{"population_size": 100, "total_generations": 50, "mutation_rate": 0.1, "tournament_size": 10, "initial_cost": 236.78663897685203, "best_route_length": 208.75399837658657, "elapsed_time": 3.832519957999466}
