{"population_size": 250, "total_generations": 50, "mutation_rate": 0.2, "tournament_size": 50, "initial_cost": 230.182589740166, "best_route_length": 212.5951449075387, "elapsed_time": 10.860829500001273}
