{"population_size": 250, "total_generations": 200, "mutation_rate": 0.05, "tournament_size": 50, "initial_cost": 229.5463614790724, "best_route_length": 159.38520602564452, "elapsed_time": 81.77121941599762}
