{"population_size": 500, "total_generations": 200, "mutation_rate": 0.2, "tournament_size": 25, "initial_cost": 229.6151009346597, "best_route_length": 176.1303075052393, "elapsed_time": 60.975326957996}
