{"population_size": 100, "total_generations": 200, "mutation_rate": 0.1, "tournament_size": 50, "initial_cost": 233.58541812512183, "best_route_length": 202.76077524957188, "elapsed_time": 12.247021749994019}
