{"population_size": 500, "total_generations": 200, "mutation_rate": 0.2, "tournament_size": 5, "initial_cost": 230.7200087728848, "best_route_length": 194.44816446189836, "elapsed_time": 37.96855208300258}
