{"population_size": 500, "total_generations": 200, "mutation_rate": 0.2, "tournament_size": 50, "initial_cost": 228.13893615401926, "best_route_length": 142.84241626706657, "elapsed_time": 164.12170091699954}
