{"population_size": 100, "total_generations": 48, "mutation_rate": 0.2, "tournament_size": 10, "initial_cost": 238.8421330861757, "best_route_length": 225.92880980450465, "elapsed_time": 0.999833582995052}
