{"population_size": 100, "total_generations": 50, "mutation_rate": 0.2, "tournament_size": 5, "initial_cost": 232.96193571212774, "best_route_length": 209.2336937921423, "elapsed_time": 3.34101450000162}
