{"population_size": 500, "total_generations": 200, "mutation_rate": 0.01, "tournament_size": 10, "initial_cost": 232.35838583162086, "best_route_length": 185.28794122058952, "elapsed_time": 42.63147066700185}
