{"population_size": 100, "total_generations": 200, "mutation_rate": 0.05, "tournament_size": 25, "initial_cost": 237.39713491308407, "best_route_length": 172.38191568038303, "elapsed_time": 21.88009533299919}
