{"population_size": 100, "total_generations": 96, "mutation_rate": 0.05, "tournament_size": 25, "initial_cost": 228.13445978736289, "best_route_length": 223.76997261451922, "elapsed_time": 2.274689624995517}
