{"population_size": 100, "total_generations": 100, "mutation_rate": 0.05, "tournament_size": 10, "initial_cost": 235.507138789864, "best_route_length": 214.5657009923669, "elapsed_time": 2.9695455000037327}
