{"population_size": 250, "total_generations": 100, "mutation_rate": 0.1, "tournament_size": 25, "initial_cost": 235.67733285267695, "best_route_length": 194.2263570896197, "elapsed_time": 14.885718333003751}
