{"population_size": 100, "total_generations": 50, "mutation_rate": 0.2, "tournament_size": 10, "initial_cost": 229.46651131745475, "best_route_length": 206.34175364851012, "elapsed_time": 3.8118412499970873}
