{"population_size": 100, "total_generations": 100, "mutation_rate": 0.1, "tournament_size": 50, "initial_cost": 231.0168997406428, "best_route_length": 199.7699417386543, "elapsed_time": 15.615049166997778}
