{"population_size": 500, "total_generations": 200, "mutation_rate": 0.1, "tournament_size": 50, "initial_cost": 233.50936110506947, "best_route_length": 192.7483852914325, "elapsed_time": 62.87646416699863}
