{"population_size": 500, "total_generations": 50, "mutation_rate": 0.2, "tournament_size": 50, "initial_cost": 231.53639240855844, "best_route_length": 208.83072781915502, "elapsed_time": 21.94221270900016}
