{"population_size": 500, "total_generations": 100, "mutation_rate": 0.01, "tournament_size": 10, "initial_cost": 230.52857434290374, "best_route_length": 185.0284209911084, "elapsed_time": 38.78855958300119}
