{"population_size": 100, "total_generations": 200, "mutation_rate": 0.01, "tournament_size": 25, "initial_cost": 233.6603897325398, "best_route_length": 190.39682069395744, "elapsed_time": 11.399033250003413}
