{"population_size": 250, "total_generations": 96, "mutation_rate": 0.1, "tournament_size": 5, "initial_cost": 225.0222770741503, "best_route_length": 224.89483244115647, "elapsed_time": 3.43322312500095}
