{"population_size": 250, "total_generations": 48, "mutation_rate": 0.2, "tournament_size": 10, "initial_cost": 232.2768342653471, "best_route_length": 224.91323960141042, "elapsed_time": 2.6639174169977196}
