{"population_size": 100, "total_generations": 200, "mutation_rate": 0.2, "tournament_size": 25, "initial_cost": 232.82032078706806, "best_route_length": 195.41780156771452, "elapsed_time": 11.613004999999248}
