{"population_size": 250, "total_generations": 200, "mutation_rate": 0.1, "tournament_size": 5, "initial_cost": 233.07806808005077, "best_route_length": 212.62063281776233, "elapsed_time": 9.820915708995017}
