{"population_size": 250, "total_generations": 50, "mutation_rate": 0.05, "tournament_size": 50, "initial_cost": 234.69027958837606, "best_route_length": 210.90221200135903, "elapsed_time": 10.748542832996463}
