{"population_size": 100, "total_generations": 100, "mutation_rate": 0.01, "tournament_size": 50, "initial_cost": 234.20499396254323, "best_route_length": 202.37649329899824, "elapsed_time": 15.593803916999605}
