{"population_size": 100, "total_generations": 48, "mutation_rate": 0.2, "tournament_size": 5, "initial_cost": 229.8095263357077, "best_route_length": 225.16126330985978, "elapsed_time": 0.8912635000015143}
