{"population_size": 250, "total_generations": 200, "mutation_rate": 0.01, "tournament_size": 10, "initial_cost": 232.06643913128033, "best_route_length": 200.7494345475384, "elapsed_time": 14.580364957997517}
