{"population_size": 500, "total_generations": 50, "mutation_rate": 0.05, "tournament_size": 5, "initial_cost": 228.84452423432836, "best_route_length": 206.9796360973386, "elapsed_time": 16.73755529200571}
