{"population_size": 250, "total_generations": 48, "mutation_rate": 0.05, "tournament_size": 25, "initial_cost": 229.3463437829903, "best_route_length": 229.3463437829903, "elapsed_time": 0.1946678750027786}
