{"population_size": 250, "total_generations": 50, "mutation_rate": 0.01, "tournament_size": 50, "initial_cost": 230.716891339631, "best_route_length": 214.94780246226586, "elapsed_time": 10.979225165996468}
