{"population_size": 500, "total_generations": 50, "mutation_rate": 0.01, "tournament_size": 5, "initial_cost": 230.1575427457264, "best_route_length": 208.21694198557236, "elapsed_time": 16.70884641700104}
