{"population_size": 250, "total_generations": 50, "mutation_rate": 0.01, "tournament_size": 10, "initial_cost": 230.29523447585547, "best_route_length": 199.93746195703858, "elapsed_time": 9.603469541994855}
