{"population_size": 100, "total_generations": 200, "mutation_rate": 0.01, "tournament_size": 50, "initial_cost": 225.70601505219437, "best_route_length": 207.55503938263186, "elapsed_time": 10.156489542001509}
