{"population_size": 500, "total_generations": 48, "mutation_rate": 0.05, "tournament_size": 50, "initial_cost": 224.87478747811338, "best_route_length": 220.57483131092883, "elapsed_time": 10.631354832999932}
