{"population_size": 100, "total_generations": 50, "mutation_rate": 0.05, "tournament_size": 25, "initial_cost": 232.71738137964797, "best_route_length": 208.1736979543364, "elapsed_time": 5.4048826250000275}
