{"population_size": 250, "total_generations": 96, "mutation_rate": 0.2, "tournament_size": 50, "initial_cost": 228.19849922024287, "best_route_length": 221.14396063181832, "elapsed_time": 9.126177915997687}
