{"population_size": 250, "total_generations": 96, "mutation_rate": 0.05, "tournament_size": 50, "initial_cost": 232.14973331831416, "best_route_length": 218.04879042061768, "elapsed_time": 8.638878749996366}
