{"population_size": 100, "total_generations": 100, "mutation_rate": 0.2, "tournament_size": 5, "initial_cost": 223.58160476774327, "best_route_length": 197.40580841789674, "elapsed_time": 6.679979250002361}
