{"population_size": 250, "total_generations": 48, "mutation_rate": 0.1, "tournament_size": 10, "initial_cost": 234.73799732549466, "best_route_length": 228.00768083099123, "elapsed_time": 2.6596786670052097}
