{"population_size": 100, "total_generations": 200, "mutation_rate": 0.1, "tournament_size": 25, "initial_cost": 235.6431725843822, "best_route_length": 209.29734724871034, "elapsed_time": 6.709367582996492}
