{"population_size": 500, "total_generations": 100, "mutation_rate": 0.2, "tournament_size": 50, "initial_cost": 226.11912798089946, "best_route_length": 169.8047516552111, "elapsed_time": 79.44396854200022}
