{"population_size": 500, "total_generations": 96, "mutation_rate": 0.1, "tournament_size": 10, "initial_cost": 225.255609264789, "best_route_length": 221.4952964443123, "elapsed_time": 8.26428470799874}
