{"population_size": 100, "total_generations": 100, "mutation_rate": 0.05, "tournament_size": 50, "initial_cost": 234.02027986305563, "best_route_length": 204.78874671572098, "elapsed_time": 8.435813750002126}
