{"population_size": 250, "total_generations": 200, "mutation_rate": 0.2, "tournament_size": 50, "initial_cost": 227.53270987969856, "best_route_length": 157.227346894381, "elapsed_time": 81.38998870799696}
