{"population_size": 100, "total_generations": 200, "mutation_rate": 0.05, "tournament_size": 50, "initial_cost": 232.820248215622, "best_route_length": 204.22341573491698, "elapsed_time": 12.417098125006305}
