{"population_size": 250, "total_generations": 48, "mutation_rate": 0.1, "tournament_size": 5, "initial_cost": 234.10799511888337, "best_route_length": 227.40576269087583, "elapsed_time": 2.324297999999544}
