{"population_size": 500, "total_generations": 50, "mutation_rate": 0.05, "tournament_size": 50, "initial_cost": 232.9597274877067, "best_route_length": 197.2558321068766, "elapsed_time": 39.800108458002796}
