{"population_size": 100, "total_generations": 50, "mutation_rate": 0.1, "tournament_size": 10, "initial_cost": 234.29974322716896, "best_route_length": 217.02741217183961, "elapsed_time": 2.0312855410011252}
