{"population_size": 500, "total_generations": 50, "mutation_rate": 0.01, "tournament_size": 25, "initial_cost": 230.6227772947026, "best_route_length": 194.77635673830403, "elapsed_time": 26.8622438329985}
