{"population_size": 250, "total_generations": 200, "mutation_rate": 0.2, "tournament_size": 50, "initial_cost": 228.69205276175774, "best_route_length": 180.52311240562835, "elapsed_time": 42.89775324999937}
