{"population_size": 500, "total_generations": 48, "mutation_rate": 0.05, "tournament_size": 5, "initial_cost": 231.24650519882795, "best_route_length": 225.94078353248386, "elapsed_time": 4.537865625003178}
