{"population_size": 250, "total_generations": 50, "mutation_rate": 0.1, "tournament_size": 25, "initial_cost": 231.50806193030814, "best_route_length": 199.2805401920761, "elapsed_time": 13.403405834003934}
