{"population_size": 100, "total_generations": 50, "mutation_rate": 0.05, "tournament_size": 10, "initial_cost": 236.3503163820671, "best_route_length": 215.43394623612534, "elapsed_time": 2.049523624998983}
