{"population_size": 100, "total_generations": 100, "mutation_rate": 0.2, "tournament_size": 25, "initial_cost": 230.7679741084324, "best_route_length": 189.65922037311972, "elapsed_time": 10.698087667005893}
