{"population_size": 100, "total_generations": 200, "mutation_rate": 0.1, "tournament_size": 25, "initial_cost": 234.8359769865234, "best_route_length": 193.8566824129002, "elapsed_time": 11.430971707995923}
