{"population_size": 250, "total_generations": 100, "mutation_rate": 0.05, "tournament_size": 25, "initial_cost": 231.38088122789495, "best_route_length": 211.9655952124485, "elapsed_time": 10.44479558400053}
