{"population_size": 250, "total_generations": 200, "mutation_rate": 0.1, "tournament_size": 50, "initial_cost": 230.27032850208658, "best_route_length": 207.4992535770596, "elapsed_time": 24.398463666999305}
