{"population_size": 100, "total_generations": 96, "mutation_rate": 0.2, "tournament_size": 10, "initial_cost": 234.84111563753657, "best_route_length": 226.42256349265844, "elapsed_time": 1.657144959004654}
