{"population_size": 250, "total_generations": 50, "mutation_rate": 0.05, "tournament_size": 10, "initial_cost": 222.83553692750803, "best_route_length": 201.36427048178356, "elapsed_time": 9.63083375000133}
