{"population_size": 100, "total_generations": 200, "mutation_rate": 0.2, "tournament_size": 25, "initial_cost": 237.01750488635497, "best_route_length": 169.8494497137091, "elapsed_time": 21.898940916005813}
