{"population_size": 100, "total_generations": 48, "mutation_rate": 0.1, "tournament_size": 10, "initial_cost": 230.7549903862686, "best_route_length": 230.7549903862686, "elapsed_time": 0.09793641700525768}
