{"population_size": 250, "total_generations": 48, "mutation_rate": 0.2, "tournament_size": 25, "initial_cost": 231.99726606249, "best_route_length": 223.37486791515613, "elapsed_time": 3.7051197920009145}
