{"population_size": 100, "total_generations": 100, "mutation_rate": 0.01, "tournament_size": 10, "initial_cost": 234.19049282459252, "best_route_length": 215.48067647299695, "elapsed_time": 2.939031582995085}
