{"population_size": 500, "total_generations": 100, "mutation_rate": 0.2, "tournament_size": 50, "initial_cost": 232.18256396466353, "best_route_length": 193.31710439451294, "elapsed_time": 44.46659237499989}
