{"population_size": 250, "total_generations": 50, "mutation_rate": 0.2, "tournament_size": 25, "initial_cost": 231.89844532111297, "best_route_length": 201.31717308746778, "elapsed_time": 13.407542291002756}
