{"population_size": 250, "total_generations": 50, "mutation_rate": 0.1, "tournament_size": 25, "initial_cost": 230.4702618368462, "best_route_length": 212.3069796099632, "elapsed_time": 7.454981833005149}
