{"population_size": 500, "total_generations": 100, "mutation_rate": 0.05, "tournament_size": 25, "initial_cost": 229.77995617198798, "best_route_length": 176.23593839021342, "elapsed_time": 53.82719983300194}
