{"population_size": 500, "total_generations": 200, "mutation_rate": 0.2, "tournament_size": 10, "initial_cost": 228.94608589125298, "best_route_length": 210.3974651677933, "elapsed_time": 22.90232741699583}
