{"population_size": 100, "total_generations": 200, "mutation_rate": 0.01, "tournament_size": 25, "initial_cost": 230.70230583835936, "best_route_length": 200.7310365153603, "elapsed_time": 8.735455125002773}
