{"population_size": 100, "total_generations": 100, "mutation_rate": 0.1, "tournament_size": 10, "initial_cost": 235.07823543832222, "best_route_length": 187.8050979619269, "elapsed_time": 7.698371790997044}
