{"population_size": 100, "total_generations": 200, "mutation_rate": 0.01, "tournament_size": 10, "initial_cost": 235.52836263582194, "best_route_length": 188.32783651032372, "elapsed_time": 8.376742084001307}
