{"population_size": 100, "total_generations": 200, "mutation_rate": 0.2, "tournament_size": 5, "initial_cost": 236.51778091236915, "best_route_length": 206.7905860685909, "elapsed_time": 5.1611918339986005}
