{"population_size": 500, "total_generations": 200, "mutation_rate": 0.01, "tournament_size": 25, "initial_cost": 226.67180482437706, "best_route_length": 195.52577973283056, "elapsed_time": 42.71031604200107}
