{"population_size": 500, "total_generations": 48, "mutation_rate": 0.2, "tournament_size": 10, "initial_cost": 226.8492556552832, "best_route_length": 226.8492556552832, "elapsed_time": 0.3182683749982971}
