{"population_size": 100, "total_generations": 100, "mutation_rate": 0.1, "tournament_size": 25, "initial_cost": 233.96707849371074, "best_route_length": 211.0719696734843, "elapsed_time": 4.186255124994204}
