{"population_size": 100, "total_generations": 96, "mutation_rate": 0.01, "tournament_size": 10, "initial_cost": 225.7104826472217, "best_route_length": 223.76212024510826, "elapsed_time": 1.5568550000025425}
