{"population_size": 100, "total_generations": 200, "mutation_rate": 0.01, "tournament_size": 5, "initial_cost": 234.895364035074, "best_route_length": 166.9502292627433, "elapsed_time": 13.688093083997956}
