{"population_size": 250, "total_generations": 200, "mutation_rate": 0.2, "tournament_size": 5, "initial_cost": 229.03056622250077, "best_route_length": 169.38274186379, "elapsed_time": 34.674234250000154}
