{"population_size": 250, "total_generations": 200, "mutation_rate": 0.01, "tournament_size": 10, "initial_cost": 233.7923572243079, "best_route_length": 161.07597055478016, "elapsed_time": 39.91166908300511}
