{"population_size": 500, "total_generations": 48, "mutation_rate": 0.1, "tournament_size": 5, "initial_cost": 220.80315822354194, "best_route_length": 220.80315822354194, "elapsed_time": 0.32875162500567967}
