{"population_size": 100, "total_generations": 100, "mutation_rate": 0.1, "tournament_size": 25, "initial_cost": 234.77641493297236, "best_route_length": 200.143709600357, "elapsed_time": 5.747817707997456}
