{"population_size": 250, "total_generations": 200, "mutation_rate": 0.1, "tournament_size": 10, "initial_cost": 234.35263759966207, "best_route_length": 201.45512224287074, "elapsed_time": 15.390442374999111}
