{"population_size": 500, "total_generations": 50, "mutation_rate": 0.2, "tournament_size": 50, "initial_cost": 232.79733580948422, "best_route_length": 195.6422117838269, "elapsed_time": 39.55059229199833}
