{"population_size": 100, "total_generations": 48, "mutation_rate": 0.05, "tournament_size": 5, "initial_cost": 228.94806856591217, "best_route_length": 225.2581491797825, "elapsed_time": 0.895823749997362}
