{"population_size": 500, "total_generations": 48, "mutation_rate": 0.1, "tournament_size": 10, "initial_cost": 226.76880266835897, "best_route_length": 226.76880266835897, "elapsed_time": 0.323810333997244}
