{"population_size": 250, "total_generations": 200, "mutation_rate": 0.01, "tournament_size": 5, "initial_cost": 231.20326070302931, "best_route_length": 167.53470972795486, "elapsed_time": 34.48732354200183}
