{"population_size": 250, "total_generations": 200, "mutation_rate": 0.01, "tournament_size": 5, "initial_cost": 229.7788277487252, "best_route_length": 213.39148375462102, "elapsed_time": 9.923007625002356}
