{"population_size": 100, "total_generations": 200, "mutation_rate": 0.2, "tournament_size": 50, "initial_cost": 234.03708929756672, "best_route_length": 177.40781377841014, "elapsed_time": 32.14608229199803}
