{"population_size": 250, "total_generations": 100, "mutation_rate": 0.01, "tournament_size": 50, "initial_cost": 232.48722133693173, "best_route_length": 199.00824557365678, "elapsed_time": 21.92530654100119}
