{"population_size": 100, "total_generations": 50, "mutation_rate": 0.01, "tournament_size": 10, "initial_cost": 232.05361536776704, "best_route_length": 209.31801341769398, "elapsed_time": 3.886402000003727}
