{"population_size": 500, "total_generations": 200, "mutation_rate": 0.01, "tournament_size": 50, "initial_cost": 234.02224417401527, "best_route_length": 152.45791416482172, "elapsed_time": 164.78816708300292}
