{"population_size": 100, "total_generations": 96, "mutation_rate": 0.05, "tournament_size": 5, "initial_cost": 226.26088218679405, "best_route_length": 223.37640232773836, "elapsed_time": 1.4049094580041128}
