{"population_size": 500, "total_generations": 100, "mutation_rate": 0.2, "tournament_size": 50, "initial_cost": 229.44176094945647, "best_route_length": 208.28559278989306, "elapsed_time": 31.60134687500249}
