{"population_size": 250, "total_generations": 200, "mutation_rate": 0.01, "tournament_size": 25, "initial_cost": 229.55761560491038, "best_route_length": 196.8512132066514, "elapsed_time": 20.49596745900635}
