{"population_size": 250, "total_generations": 50, "mutation_rate": 0.1, "tournament_size": 10, "initial_cost": 230.42912409518487, "best_route_length": 214.05784345077413, "elapsed_time": 5.256719833996613}
