{"population_size": 100, "total_generations": 96, "mutation_rate": 0.1, "tournament_size": 50, "initial_cost": 230.99667491399964, "best_route_length": 226.31458664275078, "elapsed_time": 3.3971600420045434}
