{"population_size": 250, "total_generations": 200, "mutation_rate": 0.2, "tournament_size": 5, "initial_cost": 228.7494581914746, "best_route_length": 204.91565053595235, "elapsed_time": 12.902630582997517}
