{"population_size": 100, "total_generations": 50, "mutation_rate": 0.01, "tournament_size": 50, "initial_cost": 230.69686607178875, "best_route_length": 215.88715992609534, "elapsed_time": 4.096309207998274}
