{"population_size": 250, "total_generations": 200, "mutation_rate": 0.05, "tournament_size": 5, "initial_cost": 230.4016367523183, "best_route_length": 163.00530881612488, "elapsed_time": 34.1736077500027}
