{"population_size": 100, "total_generations": 100, "mutation_rate": 0.05, "tournament_size": 25, "initial_cost": 229.47784625926514, "best_route_length": 193.09196386023757, "elapsed_time": 10.662133166995773}
