{"population_size": 500, "total_generations": 48, "mutation_rate": 0.05, "tournament_size": 5, "initial_cost": 228.21638098378563, "best_route_length": 228.21638098378563, "elapsed_time": 0.34750704200268956}
