{"population_size": 250, "total_generations": 48, "mutation_rate": 0.1, "tournament_size": 50, "initial_cost": 234.60929327950032, "best_route_length": 222.3329113075168, "elapsed_time": 5.412120916000276}
