{"population_size": 500, "total_generations": 100, "mutation_rate": 0.05, "tournament_size": 25, "initial_cost": 225.35200745079968, "best_route_length": 209.07858016813262, "elapsed_time": 21.10797708300379}
