{"population_size": 100, "total_generations": 200, "mutation_rate": 0.2, "tournament_size": 10, "initial_cost": 238.38765649860233, "best_route_length": 204.6213850805421, "elapsed_time": 5.939159250003286}
