{"population_size": 500, "total_generations": 50, "mutation_rate": 0.2, "tournament_size": 10, "initial_cost": 233.55225712719692, "best_route_length": 211.26776954818715, "elapsed_time": 10.650747332998435}
