{"population_size": 500, "total_generations": 48, "mutation_rate": 0.2, "tournament_size": 10, "initial_cost": 229.6468686228147, "best_route_length": 224.44326261213445, "elapsed_time": 5.192821917000401}
