{"population_size": 500, "total_generations": 200, "mutation_rate": 0.05, "tournament_size": 10, "initial_cost": 228.22379550654375, "best_route_length": 155.76653053030302, "elapsed_time": 79.61436099999992}
