{"population_size": 500, "total_generations": 200, "mutation_rate": 0.01, "tournament_size": 25, "initial_cost": 232.89656203958924, "best_route_length": 208.16727762304768, "elapsed_time": 33.8459498749944}
