{"population_size": 250, "total_generations": 200, "mutation_rate": 0.1, "tournament_size": 25, "initial_cost": 233.46106661162315, "best_route_length": 207.35403479247097, "elapsed_time": 16.201290832999803}
