{"population_size": 500, "total_generations": 200, "mutation_rate": 0.2, "tournament_size": 25, "initial_cost": 230.9229262149496, "best_route_length": 206.55180734527602, "elapsed_time": 32.61652324999886}
