{"population_size": 100, "total_generations": 48, "mutation_rate": 0.1, "tournament_size": 10, "initial_cost": 230.0624946714575, "best_route_length": 226.84048978619836, "elapsed_time": 0.9990144580006017}
