{"population_size": 250, "total_generations": 96, "mutation_rate": 0.01, "tournament_size": 10, "initial_cost": 231.81181193577717, "best_route_length": 222.85525010804432, "elapsed_time": 4.233889874994929}
