{"population_size": 500, "total_generations": 48, "mutation_rate": 0.1, "tournament_size": 25, "initial_cost": 228.42109938325794, "best_route_length": 220.78776888637157, "elapsed_time": 7.16554329200153}
