{"population_size": 500, "total_generations": 100, "mutation_rate": 0.01, "tournament_size": 10, "initial_cost": 226.07731846626092, "best_route_length": 206.96003747494086, "elapsed_time": 15.031854749999184}
