{"population_size": 100, "total_generations": 200, "mutation_rate": 0.2, "tournament_size": 10, "initial_cost": 230.3153205223831, "best_route_length": 187.60021581613896, "elapsed_time": 8.384315957999206}
