{"population_size": 100, "total_generations": 200, "mutation_rate": 0.01, "tournament_size": 50, "initial_cost": 233.72282085099442, "best_route_length": 189.8949013180305, "elapsed_time": 32.29827133399522}
