{"population_size": 500, "total_generations": 50, "mutation_rate": 0.2, "tournament_size": 5, "initial_cost": 224.32401087075306, "best_route_length": 215.55322958699833, "elapsed_time": 9.243074291000084}
