{"population_size": 100, "total_generations": 50, "mutation_rate": 0.1, "tournament_size": 5, "initial_cost": 234.11015982050534, "best_route_length": 215.8183010517553, "elapsed_time": 1.7536604589986382}
