{"population_size": 100, "total_generations": 200, "mutation_rate": 0.05, "tournament_size": 25, "initial_cost": 228.18147455559995, "best_route_length": 190.40006784373765, "elapsed_time": 11.41698466699745}
