{"population_size": 250, "total_generations": 48, "mutation_rate": 0.01, "tournament_size": 50, "initial_cost": 231.8983811869097, "best_route_length": 222.1732260351343, "elapsed_time": 5.478871250001248}
