{"population_size": 250, "total_generations": 100, "mutation_rate": 0.01, "tournament_size": 25, "initial_cost": 229.53246906805774, "best_route_length": 213.17733558403668, "elapsed_time": 10.583989499995369}
