{"population_size": 250, "total_generations": 200, "mutation_rate": 0.01, "tournament_size": 5, "initial_cost": 226.43587129915377, "best_route_length": 203.56659912626097, "elapsed_time": 12.743751999994856}
