{"population_size": 500, "total_generations": 200, "mutation_rate": 0.01, "tournament_size": 5, "initial_cost": 234.82862855957603, "best_route_length": 206.1903517236892, "elapsed_time": 26.44124775000091}
