{"population_size": 250, "total_generations": 48, "mutation_rate": 0.05, "tournament_size": 50, "initial_cost": 229.85310830778934, "best_route_length": 229.85310830778934, "elapsed_time": 0.1884811659983825}
