{"population_size": 100, "total_generations": 100, "mutation_rate": 0.2, "tournament_size": 25, "initial_cost": 236.43550286731937, "best_route_length": 207.19458690610736, "elapsed_time": 5.704618499999924}
