{"population_size": 250, "total_generations": 100, "mutation_rate": 0.2, "tournament_size": 50, "initial_cost": 226.21241654831488, "best_route_length": 208.30179349771504, "elapsed_time": 15.210925416002283}
