{"population_size": 100, "total_generations": 100, "mutation_rate": 0.2, "tournament_size": 5, "initial_cost": 235.21877024579817, "best_route_length": 220.44824516454557, "elapsed_time": 2.5811465839942684}
