{"population_size": 500, "total_generations": 200, "mutation_rate": 0.01, "tournament_size": 10, "initial_cost": 228.72027132398452, "best_route_length": 151.96190127493676, "elapsed_time": 79.74827333400026}
