{"population_size": 250, "total_generations": 100, "mutation_rate": 0.1, "tournament_size": 50, "initial_cost": 231.1378030217064, "best_route_length": 208.90697601266515, "elapsed_time": 15.241957083999296}
