{"population_size": 500, "total_generations": 200, "mutation_rate": 0.01, "tournament_size": 5, "initial_cost": 227.4812203248692, "best_route_length": 214.06227906603104, "elapsed_time": 20.604625542000576}
