{"population_size": 500, "total_generations": 96, "mutation_rate": 0.05, "tournament_size": 5, "initial_cost": 225.01834697474922, "best_route_length": 224.17925254107394, "elapsed_time": 7.026998332999938}
