{"population_size": 100, "total_generations": 50, "mutation_rate": 0.05, "tournament_size": 25, "initial_cost": 239.0676842446105, "best_route_length": 214.64912004370626, "elapsed_time": 2.7746606670043548}
