{"population_size": 100, "total_generations": 50, "mutation_rate": 0.1, "tournament_size": 25, "initial_cost": 234.7476683432528, "best_route_length": 206.6171591483233, "elapsed_time": 5.3853342500005965}
