{"population_size": 100, "total_generations": 200, "mutation_rate": 0.01, "tournament_size": 25, "initial_cost": 232.29849411688608, "best_route_length": 209.3558773445153, "elapsed_time": 6.8090565410020645}
