{"population_size": 500, "total_generations": 48, "mutation_rate": 0.01, "tournament_size": 25, "initial_cost": 229.14329125927244, "best_route_length": 221.07605145856274, "elapsed_time": 7.271192833002715}
