{"population_size": 250, "total_generations": 200, "mutation_rate": 0.01, "tournament_size": 25, "initial_cost": 236.76070394285935, "best_route_length": 186.37960673533362, "elapsed_time": 29.214033208001638}
