{"population_size": 100, "total_generations": 100, "mutation_rate": 0.01, "tournament_size": 25, "initial_cost": 230.41034943559004, "best_route_length": 194.06844615278115, "elapsed_time": 10.625112708003144}
