{"population_size": 250, "total_generations": 48, "mutation_rate": 0.01, "tournament_size": 10, "initial_cost": 231.2250456079475, "best_route_length": 223.70516392122138, "elapsed_time": 2.6126456659985706}
