{"population_size": 100, "total_generations": 48, "mutation_rate": 0.01, "tournament_size": 5, "initial_cost": 232.56305485654187, "best_route_length": 232.56305485654187, "elapsed_time": 0.11481175000517396}
