{"population_size": 100, "total_generations": 200, "mutation_rate": 0.2, "tournament_size": 10, "initial_cost": 231.3007222176789, "best_route_length": 211.63593221312513, "elapsed_time": 4.654540040995926}
