{"population_size": 500, "total_generations": 96, "mutation_rate": 0.2, "tournament_size": 25, "initial_cost": 232.45642157385578, "best_route_length": 223.10270709515862, "elapsed_time": 11.931648375000805}
