{"population_size": 100, "total_generations": 200, "mutation_rate": 0.2, "tournament_size": 10, "initial_cost": 238.27911107815927, "best_route_length": 171.60992951344866, "elapsed_time": 15.537537292002526}
