{"population_size": 500, "total_generations": 50, "mutation_rate": 0.01, "tournament_size": 50, "initial_cost": 229.94016340271276, "best_route_length": 197.0173093754994, "elapsed_time": 39.49583620899648}
