{"population_size": 250, "total_generations": 96, "mutation_rate": 0.1, "tournament_size": 50, "initial_cost": 235.02146787572352, "best_route_length": 221.68622493249873, "elapsed_time": 8.609426832997997}
