{"population_size": 100, "total_generations": 100, "mutation_rate": 0.2, "tournament_size": 10, "initial_cost": 236.73270262368177, "best_route_length": 207.55856341620967, "elapsed_time": 4.10394924999855}
