{"population_size": 500, "total_generations": 200, "mutation_rate": 0.2, "tournament_size": 10, "initial_cost": 229.67248412573045, "best_route_length": 153.9254188217197, "elapsed_time": 79.74815887500154}
