{"population_size": 250, "total_generations": 100, "mutation_rate": 0.01, "tournament_size": 50, "initial_cost": 233.0688772036545, "best_route_length": 182.00654848477518, "elapsed_time": 39.3985967500048}
