{"population_size": 250, "total_generations": 200, "mutation_rate": 0.1, "tournament_size": 50, "initial_cost": 226.57137142644746, "best_route_length": 199.0256830818611, "elapsed_time": 30.94374529200286}
