{"population_size": 250, "total_generations": 100, "mutation_rate": 0.2, "tournament_size": 25, "initial_cost": 233.22601224070866, "best_route_length": 211.48073662384522, "elapsed_time": 10.341323957996792}
