{"population_size": 500, "total_generations": 200, "mutation_rate": 0.1, "tournament_size": 10, "initial_cost": 229.59228185533573, "best_route_length": 183.52627629982518, "elapsed_time": 44.16533066700504}
