{"population_size": 500, "total_generations": 100, "mutation_rate": 0.2, "tournament_size": 10, "initial_cost": 223.6700504156937, "best_route_length": 209.80218537684877, "elapsed_time": 15.18490283400024}
