{"population_size": 250, "total_generations": 100, "mutation_rate": 0.05, "tournament_size": 5, "initial_cost": 233.49043026507798, "best_route_length": 204.56687512312817, "elapsed_time": 9.097693750001781}
