{"population_size": 250, "total_generations": 100, "mutation_rate": 0.1, "tournament_size": 10, "initial_cost": 230.8279697227777, "best_route_length": 182.6482736491155, "elapsed_time": 19.058200916995702}
