{"population_size": 250, "total_generations": 50, "mutation_rate": 0.2, "tournament_size": 50, "initial_cost": 233.72186026229437, "best_route_length": 201.9718966217658, "elapsed_time": 19.708609458000865}
