{"population_size": 250, "total_generations": 100, "mutation_rate": 0.05, "tournament_size": 5, "initial_cost": 231.60892173066304, "best_route_length": 217.28460440647007, "elapsed_time": 6.6625334579948685}
