{"population_size": 100, "total_generations": 200, "mutation_rate": 0.1, "tournament_size": 5, "initial_cost": 234.28665728271932, "best_route_length": 217.94007877484404, "elapsed_time": 3.9816797910025343}
