{"population_size": 250, "total_generations": 200, "mutation_rate": 0.1, "tournament_size": 5, "initial_cost": 230.7264587092717, "best_route_length": 171.21038189702662, "elapsed_time": 34.55309445899911}
