{"population_size": 100, "total_generations": 200, "mutation_rate": 0.05, "tournament_size": 25, "initial_cost": 235.95066046205176, "best_route_length": 202.57878779625975, "elapsed_time": 8.335652916997788}
