{"population_size": 500, "total_generations": 48, "mutation_rate": 0.1, "tournament_size": 10, "initial_cost": 231.7263858092519, "best_route_length": 224.66012438019283, "elapsed_time": 5.154355667000345}
