{"population_size": 250, "total_generations": 200, "mutation_rate": 0.05, "tournament_size": 25, "initial_cost": 232.3174039582548, "best_route_length": 207.32728118584646, "elapsed_time": 16.18299645800289}
