{"population_size": 250, "total_generations": 48, "mutation_rate": 0.2, "tournament_size": 50, "initial_cost": 228.70951553139338, "best_route_length": 228.70951553139338, "elapsed_time": 0.18793599999480648}
