{"population_size": 250, "total_generations": 100, "mutation_rate": 0.05, "tournament_size": 25, "initial_cost": 232.54777366076988, "best_route_length": 196.90992681623555, "elapsed_time": 14.730614542000694}
