{"population_size": 250, "total_generations": 100, "mutation_rate": 0.05, "tournament_size": 50, "initial_cost": 230.59537969959936, "best_route_length": 185.42907580306985, "elapsed_time": 39.41367162499955}
