{"population_size": 100, "total_generations": 100, "mutation_rate": 0.05, "tournament_size": 25, "initial_cost": 233.59363099690063, "best_route_length": 208.29695945037477, "elapsed_time": 5.589978832998895}
