{"population_size": 100, "total_generations": 50, "mutation_rate": 0.2, "tournament_size": 50, "initial_cost": 224.96912983727947, "best_route_length": 199.21575491501883, "elapsed_time": 7.894201124996471}
