{"population_size": 250, "total_generations": 96, "mutation_rate": 0.01, "tournament_size": 5, "initial_cost": 226.45863753224856, "best_route_length": 223.94199139051784, "elapsed_time": 3.6868110409996007}
