{"population_size": 250, "total_generations": 48, "mutation_rate": 0.01, "tournament_size": 5, "initial_cost": 229.51991144355395, "best_route_length": 229.51991144355395, "elapsed_time": 0.16854824999609264}
