{"population_size": 250, "total_generations": 200, "mutation_rate": 0.2, "tournament_size": 25, "initial_cost": 233.45857808738515, "best_route_length": 158.67558485300654, "elapsed_time": 55.293044500002}
