{"population_size": 500, "total_generations": 100, "mutation_rate": 0.1, "tournament_size": 10, "initial_cost": 231.34289819427232, "best_route_length": 198.0770668345065, "elapsed_time": 21.1489158330005}
