{"population_size": 100, "total_generations": 200, "mutation_rate": 0.1, "tournament_size": 5, "initial_cost": 231.51741592366074, "best_route_length": 173.5070418989103, "elapsed_time": 13.751705000002403}
