{"population_size": 250, "total_generations": 100, "mutation_rate": 0.1, "tournament_size": 50, "initial_cost": 227.04510450753068, "best_route_length": 182.73172508106325, "elapsed_time": 39.30929037500027}
