{"population_size": 100, "total_generations": 48, "mutation_rate": 0.01, "tournament_size": 10, "initial_cost": 232.10054266283004, "best_route_length": 223.67553217172662, "elapsed_time": 0.9734987920019194}
