{"population_size": 250, "total_generations": 96, "mutation_rate": 0.01, "tournament_size": 25, "initial_cost": 228.02511136057856, "best_route_length": 221.76017063646844, "elapsed_time": 6.068010875002074}
