{"population_size": 100, "total_generations": 48, "mutation_rate": 0.1, "tournament_size": 25, "initial_cost": 230.91826385346639, "best_route_length": 230.91826385346639, "elapsed_time": 0.09686712499387795}
