{"population_size": 500, "total_generations": 48, "mutation_rate": 0.01, "tournament_size": 10, "initial_cost": 233.51593201633668, "best_route_length": 223.08684249089677, "elapsed_time": 5.173672458004148}
