{"population_size": 100, "total_generations": 48, "mutation_rate": 0.01, "tournament_size": 25, "initial_cost": 231.19251310921211, "best_route_length": 222.77110563970996, "elapsed_time": 1.344665458003874}
