{"population_size": 500, "total_generations": 100, "mutation_rate": 0.01, "tournament_size": 25, "initial_cost": 230.45372410426396, "best_route_length": 194.73204844107642, "elapsed_time": 29.673346333001973}
