{"population_size": 500, "total_generations": 48, "mutation_rate": 0.2, "tournament_size": 50, "initial_cost": 230.90583647030957, "best_route_length": 221.6708033761772, "elapsed_time": 10.609564833001059}
