{"population_size": 100, "total_generations": 100, "mutation_rate": 0.01, "tournament_size": 25, "initial_cost": 232.65623124046104, "best_route_length": 212.03119345552523, "elapsed_time": 4.026566790998913}
