{"population_size": 100, "total_generations": 200, "mutation_rate": 0.05, "tournament_size": 5, "initial_cost": 230.95424651675117, "best_route_length": 217.5258063456681, "elapsed_time": 3.964137707996997}
