{"population_size": 250, "total_generations": 48, "mutation_rate": 0.1, "tournament_size": 10, "initial_cost": 224.87244426484594, "best_route_length": 224.87244426484594, "elapsed_time": 0.17727262499829521}
