{"population_size": 100, "total_generations": 100, "mutation_rate": 0.2, "tournament_size": 50, "initial_cost": 236.64397899826542, "best_route_length": 216.28091391236, "elapsed_time": 6.107302874996094}
