{"population_size": 250, "total_generations": 200, "mutation_rate": 0.05, "tournament_size": 10, "initial_cost": 230.00084980654694, "best_route_length": 157.59205637181677, "elapsed_time": 39.77124729099887}
