{"population_size": 250, "total_generations": 50, "mutation_rate": 0.01, "tournament_size": 10, "initial_cost": 229.58809349207866, "best_route_length": 212.52912245727143, "elapsed_time": 5.310833249997813}
