{"population_size": 100, "total_generations": 100, "mutation_rate": 0.1, "tournament_size": 10, "initial_cost": 233.31207121068914, "best_route_length": 214.19849199797827, "elapsed_time": 2.974710833004792}
