{"population_size": 500, "total_generations": 96, "mutation_rate": 0.05, "tournament_size": 50, "initial_cost": 226.71080626782344, "best_route_length": 218.2756623304189, "elapsed_time": 18.01105608400394}
