{"population_size": 100, "total_generations": 200, "mutation_rate": 0.01, "tournament_size": 10, "initial_cost": 237.9790969719437, "best_route_length": 174.7545266886321, "elapsed_time": 15.68094945899793}
