{"population_size": 500, "total_generations": 200, "mutation_rate": 0.1, "tournament_size": 5, "initial_cost": 228.79534955136327, "best_route_length": 203.9518910473375, "elapsed_time": 25.847306417002983}
