{"population_size": 100, "total_generations": 96, "mutation_rate": 0.01, "tournament_size": 25, "initial_cost": 223.91469543531485, "best_route_length": 221.04822610491348, "elapsed_time": 2.2912191670038737}
