{"population_size": 250, "total_generations": 200, "mutation_rate": 0.2, "tournament_size": 50, "initial_cost": 230.25696328938443, "best_route_length": 195.073589168298, "elapsed_time": 31.388467542004946}
