{"population_size": 500, "total_generations": 48, "mutation_rate": 0.01, "tournament_size": 5, "initial_cost": 225.74913238718088, "best_route_length": 225.1099589548644, "elapsed_time": 4.543469374999404}
