{"population_size": 100, "total_generations": 200, "mutation_rate": 0.2, "tournament_size": 50, "initial_cost": 231.30045499135022, "best_route_length": 189.46771890900814, "elapsed_time": 16.766734750002797}
