{"population_size": 500, "total_generations": 96, "mutation_rate": 0.01, "tournament_size": 50, "initial_cost": 227.51492379610562, "best_route_length": 219.64526529067538, "elapsed_time": 17.674346792002325}
