{"population_size": 250, "total_generations": 48, "mutation_rate": 0.1, "tournament_size": 25, "initial_cost": 229.12755663421078, "best_route_length": 229.12755663421078, "elapsed_time": 0.20647058299800847}
