{"population_size": 250, "total_generations": 200, "mutation_rate": 0.01, "tournament_size": 50, "initial_cost": 233.1541116916397, "best_route_length": 208.91356170459315, "elapsed_time": 24.499561000004178}
