{"population_size": 250, "total_generations": 200, "mutation_rate": 0.2, "tournament_size": 25, "initial_cost": 234.1329216567916, "best_route_length": 177.7690658625612, "elapsed_time": 29.273108165994927}
