{"population_size": 100, "total_generations": 48, "mutation_rate": 0.05, "tournament_size": 25, "initial_cost": 231.67913136612697, "best_route_length": 231.67913136612697, "elapsed_time": 0.09408562500175321}
