{"population_size": 250, "total_generations": 100, "mutation_rate": 0.2, "tournament_size": 5, "initial_cost": 226.4781164604191, "best_route_length": 200.76992872334847, "elapsed_time": 9.122540790995117}
