{"population_size": 100, "total_generations": 100, "mutation_rate": 0.01, "tournament_size": 50, "initial_cost": 233.55340596587118, "best_route_length": 207.7049905313555, "elapsed_time": 8.397212125004444}
