{"population_size": 250, "total_generations": 100, "mutation_rate": 0.2, "tournament_size": 10, "initial_cost": 229.9268709738077, "best_route_length": 205.86594639865302, "elapsed_time": 10.520669334000559}
