{"population_size": 250, "total_generations": 200, "mutation_rate": 0.01, "tournament_size": 5, "initial_cost": 231.59912824870526, "best_route_length": 190.97359331044854, "elapsed_time": 18.128063832999032}
