{"population_size": 500, "total_generations": 50, "mutation_rate": 0.2, "tournament_size": 25, "initial_cost": 231.46305258884365, "best_route_length": 195.49531797250688, "elapsed_time": 26.853306958997564}
