{"population_size": 100, "total_generations": 100, "mutation_rate": 0.1, "tournament_size": 50, "initial_cost": 231.80947396773416, "best_route_length": 214.41361038700404, "elapsed_time": 6.121044167004584}
