{"population_size": 250, "total_generations": 50, "mutation_rate": 0.1, "tournament_size": 5, "initial_cost": 233.99591981168277, "best_route_length": 208.23123666398325, "elapsed_time": 8.403838917001849}
