{"population_size": 100, "total_generations": 96, "mutation_rate": 0.01, "tournament_size": 5, "initial_cost": 228.5951803382025, "best_route_length": 227.1548908305054, "elapsed_time": 1.376203792002343}
