{"population_size": 500, "total_generations": 48, "mutation_rate": 0.1, "tournament_size": 50, "initial_cost": 227.7891334097524, "best_route_length": 220.96944829629888, "elapsed_time": 10.61273645899928}
