{"population_size": 250, "total_generations": 200, "mutation_rate": 0.1, "tournament_size": 50, "initial_cost": 230.4359613203914, "best_route_length": 161.80894189907127, "elapsed_time": 81.78403712499858}
