{"population_size": 500, "total_generations": 100, "mutation_rate": 0.1, "tournament_size": 5, "initial_cost": 231.62001447710847, "best_route_length": 189.60394206606756, "elapsed_time": 33.422404125005414}
