{"population_size": 250, "total_generations": 200, "mutation_rate": 0.2, "tournament_size": 5, "initial_cost": 229.2949883319089, "best_route_length": 216.19341958086574, "elapsed_time": 9.74135429099988}
