{"population_size": 100, "total_generations": 200, "mutation_rate": 0.1, "tournament_size": 50, "initial_cost": 236.59501324395205, "best_route_length": 181.77636156267948, "elapsed_time": 32.31502620899846}
