{"population_size": 500, "total_generations": 100, "mutation_rate": 0.2, "tournament_size": 25, "initial_cost": 234.89034340696185, "best_route_length": 205.83333064842452, "elapsed_time": 21.243374375000712}
