{"population_size": 100, "total_generations": 48, "mutation_rate": 0.2, "tournament_size": 10, "initial_cost": 230.31887237688923, "best_route_length": 230.31887237688923, "elapsed_time": 0.08605483300198102}
