{"population_size": 100, "total_generations": 200, "mutation_rate": 0.1, "tournament_size": 50, "initial_cost": 233.11090525614927, "best_route_length": 196.3987047132877, "elapsed_time": 17.047110708997934}
