{"population_size": 500, "total_generations": 200, "mutation_rate": 0.05, "tournament_size": 50, "initial_cost": 231.70316607235193, "best_route_length": 204.50878122174416, "elapsed_time": 50.26905433299544}
