{"population_size": 500, "total_generations": 50, "mutation_rate": 0.1, "tournament_size": 50, "initial_cost": 226.66733486998237, "best_route_length": 197.62017447521663, "elapsed_time": 39.48330383300345}
