{"population_size": 100, "total_generations": 48, "mutation_rate": 0.01, "tournament_size": 50, "initial_cost": 225.69579310639233, "best_route_length": 225.69579310639233, "elapsed_time": 0.1571615840002778}
