{"population_size": 100, "total_generations": 200, "mutation_rate": 0.1, "tournament_size": 10, "initial_cost": 236.02591282513373, "best_route_length": 207.83701379117375, "elapsed_time": 5.963439291001123}
