{"population_size": 100, "total_generations": 96, "mutation_rate": 0.05, "tournament_size": 50, "initial_cost": 228.99163960178765, "best_route_length": 222.18404762519341, "elapsed_time": 3.4073275409973576}
