{"population_size": 250, "total_generations": 100, "mutation_rate": 0.2, "tournament_size": 25, "initial_cost": 235.39235543503528, "best_route_length": 187.79393221469005, "elapsed_time": 26.545709208003245}
