{"population_size": 500, "total_generations": 200, "mutation_rate": 0.1, "tournament_size": 10, "initial_cost": 226.58510035779878, "best_route_length": 155.55839316822738, "elapsed_time": 79.57795816700673}
