{"population_size": 250, "total_generations": 200, "mutation_rate": 0.05, "tournament_size": 50, "initial_cost": 227.34230131463173, "best_route_length": 197.4872163921221, "elapsed_time": 30.118053459002113}
