{"population_size": 250, "total_generations": 200, "mutation_rate": 0.05, "tournament_size": 5, "initial_cost": 233.54493009806072, "best_route_length": 215.30044873834737, "elapsed_time": 9.780774625003687}
