{"population_size": 250, "total_generations": 100, "mutation_rate": 0.05, "tournament_size": 25, "initial_cost": 234.01757190497227, "best_route_length": 182.6065561080633, "elapsed_time": 26.47932554200088}
