{"population_size": 100, "total_generations": 50, "mutation_rate": 0.2, "tournament_size": 50, "initial_cost": 227.7302888076891, "best_route_length": 213.41357556134292, "elapsed_time": 4.140918832999887}
