{"population_size": 100, "total_generations": 50, "mutation_rate": 0.2, "tournament_size": 5, "initial_cost": 235.24108564571472, "best_route_length": 218.68882984041682, "elapsed_time": 1.7938385410016053}
