{"population_size": 250, "total_generations": 100, "mutation_rate": 0.2, "tournament_size": 50, "initial_cost": 229.23621924158775, "best_route_length": 172.98257275803044, "elapsed_time": 39.1763725829951}
