{"population_size": 250, "total_generations": 100, "mutation_rate": 0.01, "tournament_size": 5, "initial_cost": 227.21404498720062, "best_route_length": 211.8447677287043, "elapsed_time": 6.6028546250017826}
