{"population_size": 100, "total_generations": 200, "mutation_rate": 0.05, "tournament_size": 50, "initial_cost": 236.9571213118334, "best_route_length": 183.49333774409703, "elapsed_time": 32.13871770800324}
