{"population_size": 100, "total_generations": 50, "mutation_rate": 0.05, "tournament_size": 5, "initial_cost": 235.1254500819716, "best_route_length": 214.77210747365245, "elapsed_time": 1.7362354579963721}
