{"population_size": 100, "total_generations": 100, "mutation_rate": 0.2, "tournament_size": 25, "initial_cost": 234.93920764402117, "best_route_length": 214.69310886102335, "elapsed_time": 4.174505540999235}
