{"population_size": 250, "total_generations": 100, "mutation_rate": 0.01, "tournament_size": 25, "initial_cost": 231.333852758099, "best_route_length": 197.95054581826392, "elapsed_time": 14.669740750003257}
