{"population_size": 100, "total_generations": 100, "mutation_rate": 0.01, "tournament_size": 10, "initial_cost": 234.1517394960962, "best_route_length": 205.70419046542244, "elapsed_time": 4.1008046670031035}
