{"population_size": 100, "total_generations": 100, "mutation_rate": 0.2, "tournament_size": 10, "initial_cost": 235.10047631342425, "best_route_length": 194.36640076262802, "elapsed_time": 7.61093562500173}
