{"population_size": 500, "total_generations": 48, "mutation_rate": 0.2, "tournament_size": 5, "initial_cost": 229.4988007233792, "best_route_length": 229.4988007233792, "elapsed_time": 0.30543520799983526}
