{"population_size": 500, "total_generations": 50, "mutation_rate": 0.1, "tournament_size": 50, "initial_cost": 228.4474346711843, "best_route_length": 210.80278797115662, "elapsed_time": 22.174144250006066}
