{"population_size": 250, "total_generations": 100, "mutation_rate": 0.05, "tournament_size": 10, "initial_cost": 233.09180757838917, "best_route_length": 192.64684291823087, "elapsed_time": 19.393833417001588}
