{"population_size": 100, "total_generations": 50, "mutation_rate": 0.1, "tournament_size": 50, "initial_cost": 235.51267712066868, "best_route_length": 212.23964218293608, "elapsed_time": 7.766311291998136}
