{"population_size": 100, "total_generations": 100, "mutation_rate": 0.05, "tournament_size": 25, "initial_cost": 235.2015384208834, "best_route_length": 214.06893674933315, "elapsed_time": 4.096498500002781}
