{"population_size": 100, "total_generations": 48, "mutation_rate": 0.2, "tournament_size": 5, "initial_cost": 231.5438856880812, "best_route_length": 231.5438856880812, "elapsed_time": 0.1127870409982279}
