{"population_size": 100, "total_generations": 100, "mutation_rate": 0.1, "tournament_size": 5, "initial_cost": 235.2091274040124, "best_route_length": 206.10935400445564, "elapsed_time": 3.6058256659962353}
