{"population_size": 250, "total_generations": 48, "mutation_rate": 0.05, "tournament_size": 10, "initial_cost": 223.91700814484253, "best_route_length": 223.91700814484253, "elapsed_time": 0.20123724999575643}
