{"population_size": 500, "total_generations": 100, "mutation_rate": 0.01, "tournament_size": 25, "initial_cost": 229.09427336065008, "best_route_length": 205.64973694192113, "elapsed_time": 20.894470917002764}
