{"population_size": 500, "total_generations": 100, "mutation_rate": 0.01, "tournament_size": 50, "initial_cost": 229.9367498816644, "best_route_length": 173.4632707961204, "elapsed_time": 79.21522720900248}
