{"population_size": 500, "total_generations": 50, "mutation_rate": 0.01, "tournament_size": 10, "initial_cost": 234.14400390098987, "best_route_length": 209.23687485033355, "elapsed_time": 10.554635874999803}
