{"population_size": 100, "total_generations": 50, "mutation_rate": 0.2, "tournament_size": 10, "initial_cost": 236.92951770124193, "best_route_length": 217.34651424206456, "elapsed_time": 2.0459782499965513}
