{"population_size": 250, "total_generations": 200, "mutation_rate": 0.05, "tournament_size": 10, "initial_cost": 235.26772992636037, "best_route_length": 210.68607737919874, "elapsed_time": 11.39167695800279}
