{"population_size": 100, "total_generations": 100, "mutation_rate": 0.01, "tournament_size": 5, "initial_cost": 236.1749364907332, "best_route_length": 209.97043081350452, "elapsed_time": 3.5119791250035632}
