{"population_size": 100, "total_generations": 100, "mutation_rate": 0.1, "tournament_size": 10, "initial_cost": 235.78701143259704, "best_route_length": 206.49372348015504, "elapsed_time": 4.008652083997731}
