{"population_size": 250, "total_generations": 200, "mutation_rate": 0.05, "tournament_size": 10, "initial_cost": 235.4280871204088, "best_route_length": 187.43065590150397, "elapsed_time": 20.714837999999872}
