{"population_size": 100, "total_generations": 100, "mutation_rate": 0.05, "tournament_size": 50, "initial_cost": 232.67962208583117, "best_route_length": 211.32615604760167, "elapsed_time": 6.0356622919935035}
