{"population_size": 250, "total_generations": 200, "mutation_rate": 0.05, "tournament_size": 5, "initial_cost": 226.29495285253984, "best_route_length": 190.57004911413844, "elapsed_time": 18.015749583995785}
