{"population_size": 100, "total_generations": 100, "mutation_rate": 0.05, "tournament_size": 5, "initial_cost": 235.79239977482868, "best_route_length": 199.89275537175246, "elapsed_time": 6.65082275000168}
