{"population_size": 250, "total_generations": 96, "mutation_rate": 0.1, "tournament_size": 25, "initial_cost": 232.3747038033516, "best_route_length": 223.39621745548027, "elapsed_time": 5.682256791995314}
