{"population_size": 500, "total_generations": 100, "mutation_rate": 0.05, "tournament_size": 5, "initial_cost": 231.08651918041537, "best_route_length": 214.03522477759384, "elapsed_time": 12.94756270799553}
