{"population_size": 100, "total_generations": 48, "mutation_rate": 0.2, "tournament_size": 25, "initial_cost": 234.21503247387363, "best_route_length": 225.5448721312436, "elapsed_time": 1.4007612080022227}
