{"population_size": 100, "total_generations": 96, "mutation_rate": 0.05, "tournament_size": 10, "initial_cost": 232.42869218591864, "best_route_length": 221.86336744759456, "elapsed_time": 1.5751660000023548}
