{"population_size": 100, "total_generations": 48, "mutation_rate": 0.05, "tournament_size": 10, "initial_cost": 229.97562652115815, "best_route_length": 229.97562652115815, "elapsed_time": 0.10415849999844795}
