{"population_size": 100, "total_generations": 48, "mutation_rate": 0.1, "tournament_size": 50, "initial_cost": 230.81046077836757, "best_route_length": 230.81046077836757, "elapsed_time": 0.1125845839997055}
