{"population_size": 250, "total_generations": 200, "mutation_rate": 0.05, "tournament_size": 50, "initial_cost": 233.14625559537293, "best_route_length": 206.55680821960368, "elapsed_time": 24.47296387499955}
