{"population_size": 500, "total_generations": 100, "mutation_rate": 0.01, "tournament_size": 50, "initial_cost": 229.92074859863985, "best_route_length": 207.41175855075102, "elapsed_time": 31.053730499996163}
