{"population_size": 250, "total_generations": 100, "mutation_rate": 0.2, "tournament_size": 5, "initial_cost": 232.97814618951583, "best_route_length": 191.87390600123715, "elapsed_time": 16.765050583999255}
