{"population_size": 500, "total_generations": 200, "mutation_rate": 0.01, "tournament_size": 50, "initial_cost": 229.68107891844727, "best_route_length": 191.28489874094936, "elapsed_time": 62.133325499999046}
