{"population_size": 500, "total_generations": 48, "mutation_rate": 0.1, "tournament_size": 5, "initial_cost": 229.86926147098316, "best_route_length": 225.1917234965303, "elapsed_time": 4.554262290999759}
