{"population_size": 500, "total_generations": 100, "mutation_rate": 0.2, "tournament_size": 10, "initial_cost": 231.98721314079984, "best_route_length": 202.4305625486167, "elapsed_time": 21.290053917000478}
