{"population_size": 250, "total_generations": 200, "mutation_rate": 0.2, "tournament_size": 10, "initial_cost": 226.2668526891834, "best_route_length": 199.85830623908905, "elapsed_time": 14.994628624997858}
