{"population_size": 100, "total_generations": 48, "mutation_rate": 0.1, "tournament_size": 5, "initial_cost": 236.8006400258412, "best_route_length": 221.8992203723438, "elapsed_time": 0.8360416249997797}
