{"num_cities": 900, "population_size": 100, "total_generations": 200, "mutation_rate": 0.2, "tournament_size": 50, "initial_cost": 429.3115499095781, "best_route_length": 366.7103080361258, "elapsed_time": 75.31413662500563}
