{"num_cities": 900, "population_size": 100, "total_generations": 600, "mutation_rate": 0.2, "tournament_size": 50, "initial_cost": 429.8194788097757, "best_route_length": 344.5354786980629, "elapsed_time": 122.19244237500243}
