{"num_cities": 600, "population_size": 100, "total_generations": 400, "mutation_rate": 0.2, "tournament_size": 50, "initial_cost": 280.01023119779495, "best_route_length": 233.75379021341632, "elapsed_time": 29.295404999997118}
