{"num_cities": 600, "population_size": 100, "total_generations": 1600, "mutation_rate": 0.2, "tournament_size": 50, "initial_cost": 282.53396676812554, "best_route_length": 213.97675482250986, "elapsed_time": 88.78820675000316}
