{"num_cities": 800, "population_size": 100, "total_generations": 600, "mutation_rate": 0.2, "tournament_size": 50, "initial_cost": 372.30799176978644, "best_route_length": 288.85818828559843, "elapsed_time": 101.13875845799339}
