{"num_cities": 700, "population_size": 100, "total_generations": 800, "mutation_rate": 0.2, "tournament_size": 50, "initial_cost": 325.770450530307, "best_route_length": 221.73156304729693, "elapsed_time": 112.65527837499394}
