{"num_cities": 1000, "population_size": 100, "total_generations": 200, "mutation_rate": 0.2, "tournament_size": 50, "initial_cost": 471.2240974091673, "best_route_length": 420.4771616449746, "elapsed_time": 46.39358795899898}
