{"num_cities": 800, "population_size": 100, "total_generations": 400, "mutation_rate": 0.2, "tournament_size": 50, "initial_cost": 365.7134243733717, "best_route_length": 272.935050263872, "elapsed_time": 127.40158820799843}
