{"num_cities": 600, "population_size": 100, "total_generations": 400, "mutation_rate": 0.2, "tournament_size": 50, "initial_cost": 277.39137529645524, "best_route_length": 221.96243971256916, "elapsed_time": 44.74667712498922}
