{"num_cities": 500, "population_size": 100, "total_generations": 500, "mutation_rate": 0.2, "tournament_size": 50, "initial_cost": 234.3814732356394, "best_route_length": 135.35628212043937, "elapsed_time": 79.97566908301087}
