{"num_cities": 800, "population_size": 100, "total_generations": 1600, "mutation_rate": 0.2, "tournament_size": 50, "initial_cost": 381.05641968817764, "best_route_length": 305.443376821657, "elapsed_time": 137.97650212500594}
