{"num_cities": 900, "population_size": 100, "total_generations": 1200, "mutation_rate": 0.2, "tournament_size": 50, "initial_cost": 424.6122034840273, "best_route_length": 332.8926853899259, "elapsed_time": 160.9552664579969}
