{"num_cities": 700, "population_size": 100, "total_generations": 800, "mutation_rate": 0.2, "tournament_size": 50, "initial_cost": 334.01850815093854, "best_route_length": 260.2251614415907, "elapsed_time": 73.14870845900441}
