{"num_cities": 800, "population_size": 100, "total_generations": 200, "mutation_rate": 0.2, "tournament_size": 50, "initial_cost": 375.50209859021396, "best_route_length": 310.4806954852274, "elapsed_time": 62.12323441699846}
