{"num_cities": 500, "population_size": 100, "total_generations": 400, "mutation_rate": 0.2, "tournament_size": 50, "initial_cost": 233.1207913329067, "best_route_length": 201.41081297852315, "elapsed_time": 16.3044873750041}
