{"num_cities": 800, "population_size": 100, "total_generations": 800, "mutation_rate": 0.2, "tournament_size": 50, "initial_cost": 381.4367212152994, "best_route_length": 307.13276404189, "elapsed_time": 92.15284279100888}
