{"num_cities": 800, "population_size": 100, "total_generations": 640, "mutation_rate": 0.2, "tournament_size": 50, "initial_cost": 377.0655351445125, "best_route_length": 330.11839071695334, "elapsed_time": 55.89983395799936}
