{"num_cities": 500, "population_size": 100, "total_generations": 1600, "mutation_rate": 0.2, "tournament_size": 50, "initial_cost": 232.55696896783004, "best_route_length": 170.51145168658238, "elapsed_time": 70.06721424999705}
