{"num_cities": 500, "population_size": 100, "total_generations": 800, "mutation_rate": 0.2, "tournament_size": 50, "initial_cost": 237.6226235579133, "best_route_length": 185.5155408522471, "elapsed_time": 33.50826895800128}
