{"num_cities": 800, "population_size": 100, "total_generations": 800, "mutation_rate": 0.2, "tournament_size": 50, "initial_cost": 378.92068538514786, "best_route_length": 265.3602237978495, "elapsed_time": 136.57676208400517}
