{"num_cities": 900, "population_size": 100, "total_generations": 400, "mutation_rate": 0.2, "tournament_size": 50, "initial_cost": 426.33351846778856, "best_route_length": 380.534341957966, "elapsed_time": 53.426510541990865}
