{"num_cities": 700, "population_size": 100, "total_generations": 200, "mutation_rate": 0.2, "tournament_size": 50, "initial_cost": 330.0732336172868, "best_route_length": 284.0754270992918, "elapsed_time": 26.94020854200062}
