{"num_cities": 900, "population_size": 100, "total_generations": 800, "mutation_rate": 0.2, "tournament_size": 50, "initial_cost": 427.6904415580659, "best_route_length": 370.5925822038404, "elapsed_time": 80.92717758299841}
