{"num_cities": 500, "population_size": 100, "total_generations": 1200, "mutation_rate": 0.2, "tournament_size": 50, "initial_cost": 232.4623908353297, "best_route_length": 157.61521583350893, "elapsed_time": 70.95968579100736}
