{"num_cities": 600, "population_size": 100, "total_generations": 320, "mutation_rate": 0.2, "tournament_size": 50, "initial_cost": 278.43018793277884, "best_route_length": 241.98186251793877, "elapsed_time": 24.833227875002194}
