{"num_cities": 500, "population_size": 100, "total_generations": 800, "mutation_rate": 0.2, "tournament_size": 50, "initial_cost": 230.97455106654053, "best_route_length": 140.5513383501147, "elapsed_time": 69.25478391599609}
