{"num_cities": 500, "population_size": 100, "total_generations": 400, "mutation_rate": 0.2, "tournament_size": 50, "initial_cost": 232.45590098334708, "best_route_length": 166.92525152372224, "elapsed_time": 33.78688879100082}
