{"num_cities": 1000, "population_size": 100, "total_generations": 1200, "mutation_rate": 0.2, "tournament_size": 50, "initial_cost": 467.9377046739928, "best_route_length": 371.06673364593513, "elapsed_time": 193.6877354580065}
