{"num_cities": 700, "population_size": 100, "total_generations": 400, "mutation_rate": 0.2, "tournament_size": 50, "initial_cost": 330.0390778400453, "best_route_length": 283.1433950871418, "elapsed_time": 36.37897170800716}
