{"num_cities": 900, "population_size": 100, "total_generations": 300, "mutation_rate": 0.2, "tournament_size": 50, "initial_cost": 428.3208711465984, "best_route_length": 336.0969188002129, "elapsed_time": 111.37601570799598}
