{"num_cities": 700, "population_size": 100, "total_generations": 1600, "mutation_rate": 0.2, "tournament_size": 50, "initial_cost": 333.9400294453484, "best_route_length": 251.2727638683945, "elapsed_time": 112.0332591250044}
