{"num_cities": 800, "population_size": 100, "total_generations": 800, "mutation_rate": 0.2, "tournament_size": 50, "initial_cost": 386.367224221776, "best_route_length": 328.44555625582495, "elapsed_time": 66.7257679579925}
