{"num_cities": 500, "population_size": 100, "total_generations": 200, "mutation_rate": 0.2, "tournament_size": 50, "initial_cost": 229.17551922563229, "best_route_length": 195.45662199709753, "elapsed_time": 16.206811957992613}
