{"num_cities": 600, "population_size": 100, "total_generations": 400, "mutation_rate": 0.2, "tournament_size": 50, "initial_cost": 282.05449296960387, "best_route_length": 183.37670533978823, "elapsed_time": 83.04608195899345}
