{"num_cities": 900, "population_size": 100, "total_generations": 320, "mutation_rate": 0.2, "tournament_size": 50, "initial_cost": 433.32088504859325, "best_route_length": 382.80355892110106, "elapsed_time": 45.31408129200281}
