{"num_cities": 700, "population_size": 100, "total_generations": 320, "mutation_rate": 0.2, "tournament_size": 50, "initial_cost": 330.2071407785014, "best_route_length": 282.7357141004436, "elapsed_time": 31.170213958001113}
