{"num_cities": 600, "population_size": 100, "total_generations": 400, "mutation_rate": 0.2, "tournament_size": 50, "initial_cost": 283.18118543855337, "best_route_length": 246.8574218869917, "elapsed_time": 22.146423083002446}
