{"num_cities": 600, "population_size": 100, "total_generations": 800, "mutation_rate": 0.2, "tournament_size": 50, "initial_cost": 281.17495606610305, "best_route_length": 239.74817984062915, "elapsed_time": 43.52161120799428}
