{"num_cities": 600, "population_size": 100, "total_generations": 800, "mutation_rate": 0.2, "tournament_size": 50, "initial_cost": 283.66833870373716, "best_route_length": 217.18854278440654, "elapsed_time": 59.74749904200144}
