{"num_cities": 900, "population_size": 100, "total_generations": 400, "mutation_rate": 0.2, "tournament_size": 50, "initial_cost": 430.3141572660063, "best_route_length": 388.3972506889078, "elapsed_time": 41.25561187500716}
