{"num_cities": 500, "population_size": 100, "total_generations": 600, "mutation_rate": 0.2, "tournament_size": 50, "initial_cost": 234.90698063606803, "best_route_length": 155.1083592014146, "elapsed_time": 51.73606020800071}
