{"num_cities": 900, "population_size": 100, "total_generations": 800, "mutation_rate": 0.2, "tournament_size": 50, "initial_cost": 427.2736706900743, "best_route_length": 313.535008769308, "elapsed_time": 165.62344070800464}
