{"num_cities": 900, "population_size": 100, "total_generations": 640, "mutation_rate": 0.2, "tournament_size": 50, "initial_cost": 425.4407828976416, "best_route_length": 375.889164450632, "elapsed_time": 66.84460879099788}
