{"num_cities": 600, "population_size": 100, "total_generations": 800, "mutation_rate": 0.2, "tournament_size": 50, "initial_cost": 285.30599035426314, "best_route_length": 184.6080499124774, "elapsed_time": 89.50947091699345}
