{"num_cities": 800, "population_size": 100, "total_generations": 400, "mutation_rate": 0.2, "tournament_size": 50, "initial_cost": 384.6029638329347, "best_route_length": 306.8248301834269, "elapsed_time": 69.06189891599934}
