{"num_cities": 1000, "population_size": 100, "total_generations": 400, "mutation_rate": 0.2, "tournament_size": 50, "initial_cost": 475.268915336442, "best_route_length": 432.7889502711777, "elapsed_time": 48.03957879199879}
