{"num_cities": 600, "population_size": 100, "total_generations": 200, "mutation_rate": 0.2, "tournament_size": 50, "initial_cost": 284.4786645600249, "best_route_length": 213.15501390670212, "elapsed_time": 41.27813566698751}
