{"num_cities": 900, "population_size": 100, "total_generations": 500, "mutation_rate": 0.2, "tournament_size": 50, "initial_cost": 425.75922118514933, "best_route_length": 299.49116608202496, "elapsed_time": 185.6232095840096}
