{"num_cities": 900, "population_size": 100, "total_generations": 400, "mutation_rate": 0.2, "tournament_size": 50, "initial_cost": 428.85105821695095, "best_route_length": 316.08123105051914, "elapsed_time": 151.18218758300645}
