{"num_cities": 800, "population_size": 100, "total_generations": 300, "mutation_rate": 0.2, "tournament_size": 50, "initial_cost": 373.81335808777243, "best_route_length": 289.2759073954206, "elapsed_time": 92.80875879099767}
