{"num_cities": 700, "population_size": 100, "total_generations": 500, "mutation_rate": 0.2, "tournament_size": 50, "initial_cost": 329.98211637356366, "best_route_length": 208.62719656246227, "elapsed_time": 129.28601179200632}
