{"num_cities": 1000, "population_size": 100, "total_generations": 200, "mutation_rate": 0.2, "tournament_size": 50, "initial_cost": 478.7643346327022, "best_route_length": 403.76038345262657, "elapsed_time": 88.3400387080037}
