{"num_cities": 500, "population_size": 100, "total_generations": 640, "mutation_rate": 0.2, "tournament_size": 50, "initial_cost": 232.18980258190464, "best_route_length": 191.0347471686713, "elapsed_time": 27.11570804200892}
