{"num_cities": 700, "population_size": 100, "total_generations": 800, "mutation_rate": 0.2, "tournament_size": 50, "initial_cost": 334.23624354449316, "best_route_length": 276.4510850609487, "elapsed_time": 54.65565445800894}
