{"num_cities": 700, "population_size": 100, "total_generations": 400, "mutation_rate": 0.2, "tournament_size": 50, "initial_cost": 324.4133658053785, "best_route_length": 265.60517400474026, "elapsed_time": 56.62456320899946}
