{"num_cities": 700, "population_size": 100, "total_generations": 400, "mutation_rate": 0.2, "tournament_size": 50, "initial_cost": 333.8335957931609, "best_route_length": 230.02296990640468, "elapsed_time": 102.95347487498657}
