{"num_cities": 900, "population_size": 100, "total_generations": 400, "mutation_rate": 0.2, "tournament_size": 50, "initial_cost": 434.648192612055, "best_route_length": 355.2371272417453, "elapsed_time": 82.58323658398876}
