{"num_cities": 700, "population_size": 100, "total_generations": 1200, "mutation_rate": 0.2, "tournament_size": 50, "initial_cost": 330.04763893761833, "best_route_length": 238.237807811941, "elapsed_time": 108.54248633299721}
